id,identifier,form_identifier,pokemon_id,introduced_in_version_group_id,is_default,is_battle_only,is_mega,form_order,order,selected,type_1,type_2
1,bulbasaur,,1,1,1,0,0,1,1,0,12,4
2,ivysaur,,2,1,1,0,0,1,2,0,12,4
3,venusaur,,3,1,1,0,0,1,3,0,12,4
4,charmander,,4,1,1,0,0,1,5,0,10,0
5,charmeleon,,5,1,1,0,0,1,6,0,10,0
6,charizard,,6,1,1,0,0,1,7,0,10,3
7,squirtle,,7,1,1,0,0,1,10,0,11,0
8,wartortle,,8,1,1,0,0,1,11,0,11,0
9,blastoise,,9,1,1,0,0,1,12,0,11,0
10,caterpie,,10,1,1,0,0,1,14,0,7,0
11,metapod,,11,1,1,0,0,1,15,0,7,0
12,butterfree,,12,1,1,0,0,1,16,0,7,3
13,weedle,,13,1,1,0,0,1,17,0,7,4
14,kakuna,,14,1,1,0,0,1,18,0,7,4
15,beedrill,,15,1,1,0,0,1,19,0,7,4
16,pidgey,,16,1,1,0,0,1,21,0,1,3
17,pidgeotto,,17,1,1,0,0,1,22,0,1,3
18,pidgeot,,18,1,1,0,0,1,23,0,1,3
19,rattata,,19,1,1,0,0,1,25,0,1,0
20,raticate,,20,1,1,0,0,1,27,0,1,0
21,spearow,,21,1,1,0,0,1,30,0,1,3
22,fearow,,22,1,1,0,0,1,31,0,1,3
23,ekans,,23,1,1,0,0,1,32,0,4,0
24,arbok,,24,1,1,0,0,1,33,0,4,0
25,pikachu,,25,1,1,0,0,1,36,0,13,0
26,raichu,,26,1,1,0,0,1,52,0,13,0
27,sandshrew,,27,1,1,0,0,1,54,0,5,0
28,sandslash,,28,1,1,0,0,1,56,0,5,0
29,nidoran-f,,29,1,1,0,0,1,58,0,4,0
30,nidorina,,30,1,1,0,0,1,59,0,4,0
31,nidoqueen,,31,1,1,0,0,1,60,0,4,5
32,nidoran-m,,32,1,1,0,0,1,61,0,4,0
33,nidorino,,33,1,1,0,0,1,62,0,4,0
34,nidoking,,34,1,1,0,0,1,63,0,4,5
35,clefairy,,35,1,1,0,0,1,65,0,18,0
36,clefable,,36,1,1,0,0,1,66,0,18,0
37,vulpix,,37,1,1,0,0,1,67,0,10,0
38,ninetales,,38,1,1,0,0,1,69,0,10,0
39,jigglypuff,,39,1,1,0,0,1,72,0,1,18
40,wigglytuff,,40,1,1,0,0,1,73,0,1,18
41,zubat,,41,1,1,0,0,1,74,0,4,3
42,golbat,,42,1,1,0,0,1,75,0,4,3
43,oddish,,43,1,1,0,0,1,77,0,12,4
44,gloom,,44,1,1,0,0,1,78,0,12,4
45,vileplume,,45,1,1,0,0,1,79,0,12,4
46,paras,,46,1,1,0,0,1,81,0,7,12
47,parasect,,47,1,1,0,0,1,82,0,7,12
48,venonat,,48,1,1,0,0,1,83,0,7,4
49,venomoth,,49,1,1,0,0,1,84,0,7,4
50,diglett,,50,1,1,0,0,1,85,0,5,0
51,dugtrio,,51,1,1,0,0,1,87,0,5,0
52,meowth,,52,1,1,0,0,1,89,0,1,0
53,persian,,53,1,1,0,0,1,92,0,1,0
54,psyduck,,54,1,1,0,0,1,94,0,11,0
55,golduck,,55,1,1,0,0,1,95,0,11,0
56,mankey,,56,1,1,0,0,1,96,0,2,0
57,primeape,,57,1,1,0,0,1,97,0,2,0
58,growlithe,,58,1,1,0,0,1,98,0,10,0
59,arcanine,,59,1,1,0,0,1,99,0,10,0
60,poliwag,,60,1,1,0,0,1,100,0,11,0
61,poliwhirl,,61,1,1,0,0,1,101,0,11,0
62,poliwrath,,62,1,1,0,0,1,102,0,11,2
63,abra,,63,1,1,0,0,1,104,0,14,0
64,kadabra,,64,1,1,0,0,1,105,0,14,0
65,alakazam,,65,1,1,0,0,1,106,0,14,0
66,machop,,66,1,1,0,0,1,108,0,2,0
67,machoke,,67,1,1,0,0,1,109,0,2,0
68,machamp,,68,1,1,0,0,1,110,0,2,0
69,bellsprout,,69,1,1,0,0,1,111,0,12,4
70,weepinbell,,70,1,1,0,0,1,112,0,12,4
71,victreebel,,71,1,1,0,0,1,113,0,12,4
72,tentacool,,72,1,1,0,0,1,114,0,11,4
73,tentacruel,,73,1,1,0,0,1,115,0,11,4
74,geodude,,74,1,1,0,0,1,116,0,6,5
75,graveler,,75,1,1,0,0,1,118,0,6,5
76,golem,,76,1,1,0,0,1,120,0,6,5
77,ponyta,,77,1,1,0,0,1,122,0,10,0
78,rapidash,,78,1,1,0,0,1,124,0,10,0
79,slowpoke,,79,1,1,0,0,1,126,0,11,14
80,slowbro,,80,1,1,0,0,1,128,0,11,14
81,magnemite,,81,1,1,0,0,1,133,0,13,9
82,magneton,,82,1,1,0,0,1,134,0,13,9
83,farfetchd,,83,1,1,0,0,1,136,0,1,3
84,doduo,,84,1,1,0,0,1,138,0,1,3
85,dodrio,,85,1,1,0,0,1,139,0,1,3
86,seel,,86,1,1,0,0,1,140,0,11,0
87,dewgong,,87,1,1,0,0,1,141,0,11,15
88,grimer,,88,1,1,0,0,1,142,0,4,0
89,muk,,89,1,1,0,0,1,144,0,4,0
90,shellder,,90,1,1,0,0,1,146,0,11,0
91,cloyster,,91,1,1,0,0,1,147,0,11,15
92,gastly,,92,1,1,0,0,1,148,0,8,4
93,haunter,,93,1,1,0,0,1,149,0,8,4
94,gengar,,94,1,1,0,0,1,150,0,8,4
95,onix,,95,1,1,0,0,1,152,0,6,5
96,drowzee,,96,1,1,0,0,1,155,0,14,0
97,hypno,,97,1,1,0,0,1,156,0,14,0
98,krabby,,98,1,1,0,0,1,157,0,11,0
99,kingler,,99,1,1,0,0,1,158,0,11,0
100,voltorb,,100,1,1,0,0,1,159,0,13,0
101,electrode,,101,1,1,0,0,1,160,0,13,0
102,exeggcute,,102,1,1,0,0,1,161,0,12,14
103,exeggutor,,103,1,1,0,0,1,162,0,12,14
104,cubone,,104,1,1,0,0,1,164,0,5,0
105,marowak,,105,1,1,0,0,1,165,0,5,0
106,hitmonlee,,106,1,1,0,0,1,169,0,2,0
107,hitmonchan,,107,1,1,0,0,1,170,0,2,0
108,lickitung,,108,1,1,0,0,1,172,0,1,0
109,koffing,,109,1,1,0,0,1,174,0,4,0
110,weezing,,110,1,1,0,0,1,175,0,4,0
111,rhyhorn,,111,1,1,0,0,1,177,0,5,6
112,rhydon,,112,1,1,0,0,1,178,0,5,6
113,chansey,,113,1,1,0,0,1,181,0,1,0
114,tangela,,114,1,1,0,0,1,183,0,12,0
115,kangaskhan,,115,1,1,0,0,1,185,0,1,0
116,horsea,,116,1,1,0,0,1,187,0,11,0
117,seadra,,117,1,1,0,0,1,188,0,11,0
118,goldeen,,118,1,1,0,0,1,190,0,11,0
119,seaking,,119,1,1,0,0,1,191,0,11,0
120,staryu,,120,1,1,0,0,1,192,0,11,0
121,starmie,,121,1,1,0,0,1,193,0,11,14
122,mr-mime,,122,1,1,0,0,1,195,0,14,18
123,scyther,,123,1,1,0,0,1,197,0,7,3
124,jynx,,124,1,1,0,0,1,201,0,15,14
125,electabuzz,,125,1,1,0,0,1,203,0,13,0
126,magmar,,126,1,1,0,0,1,206,0,10,0
127,pinsir,,127,1,1,0,0,1,208,0,7,0
128,tauros,,128,1,1,0,0,1,210,0,1,0
129,magikarp,,129,1,1,0,0,1,211,0,11,0
130,gyarados,,130,1,1,0,0,1,212,0,11,3
131,lapras,,131,1,1,0,0,1,214,0,11,15
132,ditto,,132,1,1,0,0,1,215,0,1,0
133,eevee,,133,1,1,0,0,1,216,0,1,0
134,vaporeon,,134,1,1,0,0,1,218,0,11,0
135,jolteon,,135,1,1,0,0,1,219,0,13,0
136,flareon,,136,1,1,0,0,1,220,0,10,0
137,porygon,,137,1,1,0,0,1,226,0,1,0
138,omanyte,,138,1,1,0,0,1,229,0,6,11
139,omastar,,139,1,1,0,0,1,230,0,6,11
140,kabuto,,140,1,1,0,0,1,231,0,6,11
141,kabutops,,141,1,1,0,0,1,232,0,6,11
142,aerodactyl,,142,1,1,0,0,1,233,0,6,3
143,snorlax,,143,1,1,0,0,1,236,0,1,0
144,articuno,,144,1,1,0,0,1,237,0,15,3
145,zapdos,,145,1,1,0,0,1,239,0,13,3
146,moltres,,146,1,1,0,0,1,241,0,10,3
147,dratini,,147,1,1,0,0,1,243,0,16,0
148,dragonair,,148,1,1,0,0,1,244,0,16,0
149,dragonite,,149,1,1,0,0,1,245,0,16,3
150,mewtwo,,150,1,1,0,0,1,246,0,14,0
151,mew,,151,1,1,0,0,1,249,0,14,0
152,chikorita,,152,3,1,0,0,1,250,0,12,0
153,bayleef,,153,3,1,0,0,1,251,0,12,0
154,meganium,,154,3,1,0,0,1,252,0,12,0
155,cyndaquil,,155,3,1,0,0,1,253,0,10,0
156,quilava,,156,3,1,0,0,1,254,0,10,0
157,typhlosion,,157,3,1,0,0,1,255,0,10,0
158,totodile,,158,3,1,0,0,1,256,0,11,0
159,croconaw,,159,3,1,0,0,1,257,0,11,0
160,feraligatr,,160,3,1,0,0,1,258,0,11,0
161,sentret,,161,3,1,0,0,1,259,0,1,0
162,furret,,162,3,1,0,0,1,260,0,1,0
163,hoothoot,,163,3,1,0,0,1,261,0,1,3
164,noctowl,,164,3,1,0,0,1,262,0,1,3
165,ledyba,,165,3,1,0,0,1,263,0,7,3
166,ledian,,166,3,1,0,0,1,264,0,7,3
167,spinarak,,167,3,1,0,0,1,265,0,7,4
168,ariados,,168,3,1,0,0,1,266,0,7,4
169,crobat,,169,3,1,0,0,1,76,0,4,3
170,chinchou,,170,3,1,0,0,1,267,0,11,13
171,lanturn,,171,3,1,0,0,1,268,0,11,13
172,pichu,,172,3,1,0,0,1,34,0,13,0
173,cleffa,,173,3,1,0,0,1,64,0,18,0
174,igglybuff,,174,3,1,0,0,1,71,0,1,18
175,togepi,,175,3,1,0,0,1,269,0,18,0
176,togetic,,176,3,1,0,0,1,270,0,18,3
177,natu,,177,3,1,0,0,1,272,0,14,3
178,xatu,,178,3,1,0,0,1,273,0,14,3
179,mareep,,179,3,1,0,0,1,274,0,13,0
180,flaaffy,,180,3,1,0,0,1,275,0,13,0
181,ampharos,,181,3,1,0,0,1,276,0,13,0
182,bellossom,,182,3,1,0,0,1,80,0,12,0
183,marill,,183,3,1,0,0,1,279,0,11,18
184,azumarill,,184,3,1,0,0,1,280,0,11,18
185,sudowoodo,,185,3,1,0,0,1,282,0,6,0
186,politoed,,186,3,1,0,0,1,103,0,11,0
187,hoppip,,187,3,1,0,0,1,283,0,12,3
188,skiploom,,188,3,1,0,0,1,284,0,12,3
189,jumpluff,,189,3,1,0,0,1,285,0,12,3
190,aipom,,190,3,1,0,0,1,286,0,1,0
191,sunkern,,191,3,1,0,0,1,288,0,12,0
192,sunflora,,192,3,1,0,0,1,289,0,12,0
193,yanma,,193,3,1,0,0,1,290,0,7,3
194,wooper,,194,3,1,0,0,1,292,0,11,5
195,quagsire,,195,3,1,0,0,1,293,0,11,5
196,espeon,,196,3,1,0,0,1,221,0,14,0
197,umbreon,,197,3,1,0,0,1,222,0,17,0
198,murkrow,,198,3,1,0,0,1,294,0,17,3
199,slowking,,199,3,1,0,0,1,131,0,11,14
200,misdreavus,,200,3,1,0,0,1,296,0,8,0
201,unown-a,a,201,3,1,0,0,1,298,0,14,0
202,wobbuffet,,202,3,1,0,0,1,327,0,14,0
203,girafarig,,203,3,1,0,0,1,328,0,1,14
204,pineco,,204,3,1,0,0,1,329,0,7,0
205,forretress,,205,3,1,0,0,1,330,0,7,9
206,dunsparce,,206,3,1,0,0,1,331,0,1,0
207,gligar,,207,3,1,0,0,1,332,0,5,3
208,steelix,,208,3,1,0,0,1,153,0,9,5
209,snubbull,,209,3,1,0,0,1,334,0,18,0
210,granbull,,210,3,1,0,0,1,335,0,18,0
211,qwilfish,,211,3,1,0,0,1,336,0,11,4
212,scizor,,212,3,1,0,0,1,198,0,7,9
213,shuckle,,213,3,1,0,0,1,337,0,7,6
214,heracross,,214,3,1,0,0,1,338,0,7,2
215,sneasel,,215,3,1,0,0,1,340,0,17,15
216,teddiursa,,216,3,1,0,0,1,342,0,1,0
217,ursaring,,217,3,1,0,0,1,343,0,1,0
218,slugma,,218,3,1,0,0,1,344,0,10,0
219,magcargo,,219,3,1,0,0,1,345,0,10,6
220,swinub,,220,3,1,0,0,1,346,0,15,5
221,piloswine,,221,3,1,0,0,1,347,0,15,5
222,corsola,,222,3,1,0,0,1,349,0,11,6
223,remoraid,,223,3,1,0,0,1,351,0,11,0
224,octillery,,224,3,1,0,0,1,352,0,11,0
225,delibird,,225,3,1,0,0,1,353,0,15,3
226,mantine,,226,3,1,0,0,1,355,0,11,3
227,skarmory,,227,3,1,0,0,1,356,0,9,3
228,houndour,,228,3,1,0,0,1,357,0,17,10
229,houndoom,,229,3,1,0,0,1,358,0,17,10
230,kingdra,,230,3,1,0,0,1,189,0,11,16
231,phanpy,,231,3,1,0,0,1,360,0,5,0
232,donphan,,232,3,1,0,0,1,361,0,5,0
233,porygon2,,233,3,1,0,0,1,227,0,1,0
234,stantler,,234,3,1,0,0,1,362,0,1,0
235,smeargle,,235,3,1,0,0,1,363,0,1,0
236,tyrogue,,236,3,1,0,0,1,168,0,2,0
237,hitmontop,,237,3,1,0,0,1,171,0,2,0
238,smoochum,,238,3,1,0,0,1,200,0,15,14
239,elekid,,239,3,1,0,0,1,202,0,13,0
240,magby,,240,3,1,0,0,1,205,0,10,0
241,miltank,,241,3,1,0,0,1,364,0,1,0
242,blissey,,242,3,1,0,0,1,182,0,1,0
243,raikou,,243,3,1,0,0,1,365,0,13,0
244,entei,,244,3,1,0,0,1,366,0,10,0
245,suicune,,245,3,1,0,0,1,367,0,11,0
246,larvitar,,246,3,1,0,0,1,368,0,6,5
247,pupitar,,247,3,1,0,0,1,369,0,6,5
248,tyranitar,,248,3,1,0,0,1,370,0,6,17
249,lugia,,249,3,1,0,0,1,372,0,14,3
250,ho-oh,,250,3,1,0,0,1,373,0,10,3
251,celebi,,251,3,1,0,0,1,374,0,14,12
252,treecko,,252,5,1,0,0,1,375,0,12,0
253,grovyle,,253,5,1,0,0,1,376,0,12,0
254,sceptile,,254,5,1,0,0,1,377,0,12,0
255,torchic,,255,5,1,0,0,1,379,0,10,0
256,combusken,,256,5,1,0,0,1,380,0,10,2
257,blaziken,,257,5,1,0,0,1,381,0,10,2
258,mudkip,,258,5,1,0,0,1,383,0,11,0
259,marshtomp,,259,5,1,0,0,1,384,0,11,5
260,swampert,,260,5,1,0,0,1,385,0,11,5
261,poochyena,,261,5,1,0,0,1,387,0,17,0
262,mightyena,,262,5,1,0,0,1,388,0,17,0
263,zigzagoon,,263,5,1,0,0,1,389,0,1,0
264,linoone,,264,5,1,0,0,1,391,0,1,0
265,wurmple,,265,5,1,0,0,1,393,0,7,0
266,silcoon,,266,5,1,0,0,1,394,0,7,0
267,beautifly,,267,5,1,0,0,1,395,0,7,3
268,cascoon,,268,5,1,0,0,1,396,0,7,0
269,dustox,,269,5,1,0,0,1,397,0,7,4
270,lotad,,270,5,1,0,0,1,398,0,11,12
271,lombre,,271,5,1,0,0,1,399,0,11,12
272,ludicolo,,272,5,1,0,0,1,400,0,11,12
273,seedot,,273,5,1,0,0,1,401,0,12,0
274,nuzleaf,,274,5,1,0,0,1,402,0,12,17
275,shiftry,,275,5,1,0,0,1,403,0,12,17
276,taillow,,276,5,1,0,0,1,404,0,1,3
277,swellow,,277,5,1,0,0,1,405,0,1,3
278,wingull,,278,5,1,0,0,1,406,0,11,3
279,pelipper,,279,5,1,0,0,1,407,0,11,3
280,ralts,,280,5,1,0,0,1,408,0,14,18
281,kirlia,,281,5,1,0,0,1,409,0,14,18
282,gardevoir,,282,5,1,0,0,1,410,0,14,18
283,surskit,,283,5,1,0,0,1,414,0,7,11
284,masquerain,,284,5,1,0,0,1,415,0,7,3
285,shroomish,,285,5,1,0,0,1,416,0,12,0
286,breloom,,286,5,1,0,0,1,417,0,12,2
287,slakoth,,287,5,1,0,0,1,418,0,1,0
288,vigoroth,,288,5,1,0,0,1,419,0,1,0
289,slaking,,289,5,1,0,0,1,420,0,1,0
290,nincada,,290,5,1,0,0,1,421,0,7,5
291,ninjask,,291,5,1,0,0,1,422,0,7,3
292,shedinja,,292,5,1,0,0,1,423,0,7,8
293,whismur,,293,5,1,0,0,1,424,0,1,0
294,loudred,,294,5,1,0,0,1,425,0,1,0
295,exploud,,295,5,1,0,0,1,426,0,1,0
296,makuhita,,296,5,1,0,0,1,427,0,2,0
297,hariyama,,297,5,1,0,0,1,428,0,2,0
298,azurill,,298,5,1,0,0,1,278,0,1,18
299,nosepass,,299,5,1,0,0,1,429,0,6,0
300,skitty,,300,5,1,0,0,1,431,0,1,0
301,delcatty,,301,5,1,0,0,1,432,0,1,0
302,sableye,,302,5,1,0,0,1,433,0,17,8
303,mawile,,303,5,1,0,0,1,435,0,9,18
304,aron,,304,5,1,0,0,1,437,0,9,6
305,lairon,,305,5,1,0,0,1,438,0,9,6
306,aggron,,306,5,1,0,0,1,439,0,9,6
307,meditite,,307,5,1,0,0,1,441,0,2,14
308,medicham,,308,5,1,0,0,1,442,0,2,14
309,electrike,,309,5,1,0,0,1,444,0,13,0
310,manectric,,310,5,1,0,0,1,445,0,13,0
311,plusle,,311,5,1,0,0,1,447,0,13,0
312,minun,,312,5,1,0,0,1,448,0,13,0
313,volbeat,,313,5,1,0,0,1,449,0,7,0
314,illumise,,314,5,1,0,0,1,450,0,7,0
315,roselia,,315,5,1,0,0,1,452,0,12,4
316,gulpin,,316,5,1,0,0,1,454,0,4,0
317,swalot,,317,5,1,0,0,1,455,0,4,0
318,carvanha,,318,5,1,0,0,1,456,0,11,17
319,sharpedo,,319,5,1,0,0,1,457,0,11,17
320,wailmer,,320,5,1,0,0,1,459,0,11,0
321,wailord,,321,5,1,0,0,1,460,0,11,0
322,numel,,322,5,1,0,0,1,461,0,10,5
323,camerupt,,323,5,1,0,0,1,462,0,10,5
324,torkoal,,324,5,1,0,0,1,464,0,10,0
325,spoink,,325,5,1,0,0,1,465,0,14,0
326,grumpig,,326,5,1,0,0,1,466,0,14,0
327,spinda,,327,5,1,0,0,1,467,0,1,0
328,trapinch,,328,5,1,0,0,1,468,0,5,0
329,vibrava,,329,5,1,0,0,1,469,0,5,16
330,flygon,,330,5,1,0,0,1,470,0,5,16
331,cacnea,,331,5,1,0,0,1,471,0,12,0
332,cacturne,,332,5,1,0,0,1,472,0,12,17
333,swablu,,333,5,1,0,0,1,473,0,1,3
334,altaria,,334,5,1,0,0,1,474,0,16,3
335,zangoose,,335,5,1,0,0,1,476,0,1,0
336,seviper,,336,5,1,0,0,1,477,0,4,0
337,lunatone,,337,5,1,0,0,1,478,0,6,14
338,solrock,,338,5,1,0,0,1,479,0,6,14
339,barboach,,339,5,1,0,0,1,480,0,11,5
340,whiscash,,340,5,1,0,0,1,481,0,11,5
341,corphish,,341,5,1,0,0,1,482,0,11,0
342,crawdaunt,,342,5,1,0,0,1,483,0,11,17
343,baltoy,,343,5,1,0,0,1,484,0,5,14
344,claydol,,344,5,1,0,0,1,485,0,5,14
345,lileep,,345,5,1,0,0,1,486,0,6,12
346,cradily,,346,5,1,0,0,1,487,0,6,12
347,anorith,,347,5,1,0,0,1,488,0,6,7
348,armaldo,,348,5,1,0,0,1,489,0,6,7
349,feebas,,349,5,1,0,0,1,490,0,11,0
350,milotic,,350,5,1,0,0,1,491,0,11,0
351,castform,,351,5,1,0,0,1,492,0,1,0
352,kecleon,,352,5,1,0,0,1,496,0,1,0
353,shuppet,,353,5,1,0,0,1,497,0,8,0
354,banette,,354,5,1,0,0,1,498,0,8,0
355,duskull,,355,5,1,0,0,1,500,0,8,0
356,dusclops,,356,5,1,0,0,1,501,0,8,0
357,tropius,,357,5,1,0,0,1,503,0,12,3
358,chimecho,,358,5,1,0,0,1,505,0,14,0
359,absol,,359,5,1,0,0,1,506,0,17,0
360,wynaut,,360,5,1,0,0,1,326,0,14,0
361,snorunt,,361,5,1,0,0,1,508,0,15,0
362,glalie,,362,5,1,0,0,1,509,0,15,0
363,spheal,,363,5,1,0,0,1,512,0,15,11
364,sealeo,,364,5,1,0,0,1,513,0,15,11
365,walrein,,365,5,1,0,0,1,514,0,15,11
366,clamperl,,366,5,1,0,0,1,515,0,11,0
367,huntail,,367,5,1,0,0,1,516,0,11,0
368,gorebyss,,368,5,1,0,0,1,517,0,11,0
369,relicanth,,369,5,1,0,0,1,518,0,11,6
370,luvdisc,,370,5,1,0,0,1,519,0,11,0
371,bagon,,371,5,1,0,0,1,520,0,16,0
372,shelgon,,372,5,1,0,0,1,521,0,16,0
373,salamence,,373,5,1,0,0,1,522,0,16,3
374,beldum,,374,5,1,0,0,1,524,0,9,14
375,metang,,375,5,1,0,0,1,525,0,9,14
376,metagross,,376,5,1,0,0,1,526,0,9,14
377,regirock,,377,5,1,0,0,1,528,0,6,0
378,regice,,378,5,1,0,0,1,529,0,15,0
379,registeel,,379,5,1,0,0,1,530,0,9,0
380,latias,,380,5,1,0,0,1,531,0,16,14
381,latios,,381,5,1,0,0,1,533,0,16,14
382,kyogre,,382,5,1,0,0,1,535,0,11,0
383,groudon,,383,5,1,0,0,1,537,0,5,0
384,rayquaza,,384,5,1,0,0,1,539,0,16,3
385,jirachi,,385,5,1,0,0,1,541,0,9,14
386,deoxys-normal,normal,386,5,1,0,0,1,542,0,14,0
387,turtwig,,387,8,1,0,0,1,546,0,12,0
388,grotle,,388,8,1,0,0,1,547,0,12,0
389,torterra,,389,8,1,0,0,1,548,0,12,5
390,chimchar,,390,8,1,0,0,1,549,0,10,0
391,monferno,,391,8,1,0,0,1,550,0,10,2
392,infernape,,392,8,1,0,0,1,551,0,10,2
393,piplup,,393,8,1,0,0,1,552,0,11,0
394,prinplup,,394,8,1,0,0,1,553,0,11,0
395,empoleon,,395,8,1,0,0,1,554,0,11,9
396,starly,,396,8,1,0,0,1,555,0,1,3
397,staravia,,397,8,1,0,0,1,556,0,1,3
398,staraptor,,398,8,1,0,0,1,557,0,1,3
399,bidoof,,399,8,1,0,0,1,558,0,1,0
400,bibarel,,400,8,1,0,0,1,559,0,1,11
401,kricketot,,401,8,1,0,0,1,560,0,7,0
402,kricketune,,402,8,1,0,0,1,561,0,7,0
403,shinx,,403,8,1,0,0,1,562,0,13,0
404,luxio,,404,8,1,0,0,1,563,0,13,0
405,luxray,,405,8,1,0,0,1,564,0,13,0
406,budew,,406,8,1,0,0,1,451,0,12,4
407,roserade,,407,8,1,0,0,1,453,0,12,4
408,cranidos,,408,8,1,0,0,1,565,0,6,0
409,rampardos,,409,8,1,0,0,1,566,0,6,0
410,shieldon,,410,8,1,0,0,1,567,0,6,9
411,bastiodon,,411,8,1,0,0,1,568,0,6,9
412,burmy-plant,plant,412,8,1,0,0,1,569,0,7,0
413,wormadam-plant,plant,413,8,1,0,0,1,572,0,7,12
414,mothim-plant,plant,414,8,1,0,0,1,575,0,7,3
415,combee,,415,8,1,0,0,1,578,0,7,3
416,vespiquen,,416,8,1,0,0,1,579,0,7,3
417,pachirisu,,417,8,1,0,0,1,580,0,13,0
418,buizel,,418,8,1,0,0,1,581,0,11,0
419,floatzel,,419,8,1,0,0,1,582,0,11,0
420,cherubi,,420,8,1,0,0,1,583,0,12,0
421,cherrim-overcast,overcast,421,8,1,0,0,1,584,0,12,0
422,shellos-west,west,422,8,1,0,0,1,586,0,11,0
423,gastrodon-west,west,423,8,1,0,0,1,588,0,11,5
424,ambipom,,424,8,1,0,0,1,287,0,1,0
425,drifloon,,425,8,1,0,0,1,590,0,8,3
426,drifblim,,426,8,1,0,0,1,591,0,8,3
427,buneary,,427,8,1,0,0,1,592,0,1,0
428,lopunny,,428,8,1,0,0,1,593,0,1,0
429,mismagius,,429,8,1,0,0,1,297,0,8,0
430,honchkrow,,430,8,1,0,0,1,295,0,17,3
431,glameow,,431,8,1,0,0,1,595,0,1,0
432,purugly,,432,8,1,0,0,1,596,0,1,0
433,chingling,,433,8,1,0,0,1,504,0,14,0
434,stunky,,434,8,1,0,0,1,597,0,4,17
435,skuntank,,435,8,1,0,0,1,598,0,4,17
436,bronzor,,436,8,1,0,0,1,599,0,9,14
437,bronzong,,437,8,1,0,0,1,600,0,9,14
438,bonsly,,438,8,1,0,0,1,281,0,6,0
439,mime-jr,,439,8,1,0,0,1,194,0,14,18
440,happiny,,440,8,1,0,0,1,180,0,1,0
441,chatot,,441,8,1,0,0,1,601,0,1,3
442,spiritomb,,442,8,1,0,0,1,602,0,8,17
443,gible,,443,8,1,0,0,1,603,0,16,5
444,gabite,,444,8,1,0,0,1,604,0,16,5
445,garchomp,,445,8,1,0,0,1,605,0,16,5
446,munchlax,,446,8,1,0,0,1,235,0,1,0
447,riolu,,447,8,1,0,0,1,607,0,2,0
448,lucario,,448,8,1,0,0,1,608,0,2,9
449,hippopotas,,449,8,1,0,0,1,610,0,5,0
450,hippowdon,,450,8,1,0,0,1,611,0,5,0
451,skorupi,,451,8,1,0,0,1,612,0,4,7
452,drapion,,452,8,1,0,0,1,613,0,4,17
453,croagunk,,453,8,1,0,0,1,614,0,4,2
454,toxicroak,,454,8,1,0,0,1,615,0,4,2
455,carnivine,,455,8,1,0,0,1,616,0,12,0
456,finneon,,456,8,1,0,0,1,617,0,11,0
457,lumineon,,457,8,1,0,0,1,618,0,11,0
458,mantyke,,458,8,1,0,0,1,354,0,11,3
459,snover,,459,8,1,0,0,1,619,0,12,15
460,abomasnow,,460,8,1,0,0,1,620,0,12,15
461,weavile,,461,8,1,0,0,1,341,0,17,15
462,magnezone,,462,8,1,0,0,1,135,0,13,9
463,lickilicky,,463,8,1,0,0,1,173,0,1,0
464,rhyperior,,464,8,1,0,0,1,179,0,5,6
465,tangrowth,,465,8,1,0,0,1,184,0,12,0
466,electivire,,466,8,1,0,0,1,204,0,13,0
467,magmortar,,467,8,1,0,0,1,207,0,10,0
468,togekiss,,468,8,1,0,0,1,271,0,18,3
469,yanmega,,469,8,1,0,0,1,291,0,7,3
470,leafeon,,470,8,1,0,0,1,223,0,12,0
471,glaceon,,471,8,1,0,0,1,224,0,15,0
472,gliscor,,472,8,1,0,0,1,333,0,5,3
473,mamoswine,,473,8,1,0,0,1,348,0,15,5
474,porygon-z,,474,8,1,0,0,1,228,0,1,0
475,gallade,,475,8,1,0,0,1,412,0,14,2
476,probopass,,476,8,1,0,0,1,430,0,6,9
477,dusknoir,,477,8,1,0,0,1,502,0,8,0
478,froslass,,478,8,1,0,0,1,511,0,15,8
479,rotom,,479,8,1,0,0,1,622,0,13,8
480,uxie,,480,8,1,0,0,1,628,0,14,0
481,mesprit,,481,8,1,0,0,1,629,0,14,0
482,azelf,,482,8,1,0,0,1,630,0,14,0
483,dialga,,483,8,1,0,0,1,631,0,9,16
484,palkia,,484,8,1,0,0,1,632,0,11,16
485,heatran,,485,8,1,0,0,1,633,0,10,9
486,regigigas,,486,8,1,0,0,1,634,0,1,0
487,giratina-altered,altered,487,8,1,0,0,1,635,0,8,16
488,cresselia,,488,8,1,0,0,1,637,0,14,0
489,phione,,489,8,1,0,0,1,638,0,11,0
490,manaphy,,490,8,1,0,0,1,639,0,11,0
491,darkrai,,491,8,1,0,0,1,640,0,17,0
492,shaymin-land,land,492,8,1,0,0,1,641,0,12,0
493,arceus-normal,normal,493,8,1,0,0,1,643,0,1,0
494,victini,,494,11,1,0,0,1,662,0,14,10
495,snivy,,495,11,1,0,0,1,663,0,12,0
496,servine,,496,11,1,0,0,1,664,0,12,0
497,serperior,,497,11,1,0,0,1,665,0,12,0
498,tepig,,498,11,1,0,0,1,666,0,10,0
499,pignite,,499,11,1,0,0,1,667,0,10,2
500,emboar,,500,11,1,0,0,1,668,0,10,2
501,oshawott,,501,11,1,0,0,1,669,0,11,0
502,dewott,,502,11,1,0,0,1,670,0,11,0
503,samurott,,503,11,1,0,0,1,671,0,11,0
504,patrat,,504,11,1,0,0,1,672,0,1,0
505,watchog,,505,11,1,0,0,1,673,0,1,0
506,lillipup,,506,11,1,0,0,1,674,0,1,0
507,herdier,,507,11,1,0,0,1,675,0,1,0
508,stoutland,,508,11,1,0,0,1,676,0,1,0
509,purrloin,,509,11,1,0,0,1,677,0,17,0
510,liepard,,510,11,1,0,0,1,678,0,17,0
511,pansage,,511,11,1,0,0,1,679,0,12,0
512,simisage,,512,11,1,0,0,1,680,0,12,0
513,pansear,,513,11,1,0,0,1,681,0,10,0
514,simisear,,514,11,1,0,0,1,682,0,10,0
515,panpour,,515,11,1,0,0,1,683,0,11,0
516,simipour,,516,11,1,0,0,1,684,0,11,0
517,munna,,517,11,1,0,0,1,685,0,14,0
518,musharna,,518,11,1,0,0,1,686,0,14,0
519,pidove,,519,11,1,0,0,1,687,0,1,3
520,tranquill,,520,11,1,0,0,1,688,0,1,3
521,unfezant,,521,11,1,0,0,1,689,0,1,3
522,blitzle,,522,11,1,0,0,1,690,0,13,0
523,zebstrika,,523,11,1,0,0,1,691,0,13,0
524,roggenrola,,524,11,1,0,0,1,692,0,6,0
525,boldore,,525,11,1,0,0,1,693,0,6,0
526,gigalith,,526,11,1,0,0,1,694,0,6,0
527,woobat,,527,11,1,0,0,1,695,0,14,3
528,swoobat,,528,11,1,0,0,1,696,0,14,3
529,drilbur,,529,11,1,0,0,1,697,0,5,0
530,excadrill,,530,11,1,0,0,1,698,0,5,9
531,audino,,531,11,1,0,0,1,699,0,1,0
532,timburr,,532,11,1,0,0,1,701,0,2,0
533,gurdurr,,533,11,1,0,0,1,702,0,2,0
534,conkeldurr,,534,11,1,0,0,1,703,0,2,0
535,tympole,,535,11,1,0,0,1,704,0,11,0
536,palpitoad,,536,11,1,0,0,1,705,0,11,5
537,seismitoad,,537,11,1,0,0,1,706,0,11,5
538,throh,,538,11,1,0,0,1,707,0,2,0
539,sawk,,539,11,1,0,0,1,708,0,2,0
540,sewaddle,,540,11,1,0,0,1,709,0,7,12
541,swadloon,,541,11,1,0,0,1,710,0,7,12
542,leavanny,,542,11,1,0,0,1,711,0,7,12
543,venipede,,543,11,1,0,0,1,712,0,7,4
544,whirlipede,,544,11,1,0,0,1,713,0,7,4
545,scolipede,,545,11,1,0,0,1,714,0,7,4
546,cottonee,,546,11,1,0,0,1,715,0,12,18
547,whimsicott,,547,11,1,0,0,1,716,0,12,18
548,petilil,,548,11,1,0,0,1,717,0,12,0
549,lilligant,,549,11,1,0,0,1,718,0,12,0
550,basculin-red-striped,red-striped,550,11,1,0,0,1,719,0,11,0
551,sandile,,551,11,1,0,0,1,721,0,5,17
552,krokorok,,552,11,1,0,0,1,722,0,5,17
553,krookodile,,553,11,1,0,0,1,723,0,5,17
554,darumaka,,554,11,1,0,0,1,724,0,10,0
555,darmanitan-standard,standard,555,11,1,0,0,1,726,0,10,0
556,maractus,,556,11,1,0,0,1,730,0,12,0
557,dwebble,,557,11,1,0,0,1,731,0,7,6
558,crustle,,558,11,1,0,0,1,732,0,7,6
559,scraggy,,559,11,1,0,0,1,733,0,17,2
560,scrafty,,560,11,1,0,0,1,734,0,17,2
561,sigilyph,,561,11,1,0,0,1,735,0,14,3
562,yamask,,562,11,1,0,0,1,736,0,8,0
563,cofagrigus,,563,11,1,0,0,1,738,0,8,0
564,tirtouga,,564,11,1,0,0,1,739,0,11,6
565,carracosta,,565,11,1,0,0,1,740,0,11,6
566,archen,,566,11,1,0,0,1,741,0,6,3
567,archeops,,567,11,1,0,0,1,742,0,6,3
568,trubbish,,568,11,1,0,0,1,743,0,4,0
569,garbodor,,569,11,1,0,0,1,744,0,4,0
570,zorua,,570,11,1,0,0,1,745,0,17,0
571,zoroark,,571,11,1,0,0,1,746,0,17,0
572,minccino,,572,11,1,0,0,1,747,0,1,0
573,cinccino,,573,11,1,0,0,1,748,0,1,0
574,gothita,,574,11,1,0,0,1,749,0,14,0
575,gothorita,,575,11,1,0,0,1,750,0,14,0
576,gothitelle,,576,11,1,0,0,1,751,0,14,0
577,solosis,,577,11,1,0,0,1,752,0,14,0
578,duosion,,578,11,1,0,0,1,753,0,14,0
579,reuniclus,,579,11,1,0,0,1,754,0,14,0
580,ducklett,,580,11,1,0,0,1,755,0,11,3
581,swanna,,581,11,1,0,0,1,756,0,11,3
582,vanillite,,582,11,1,0,0,1,757,0,15,0
583,vanillish,,583,11,1,0,0,1,758,0,15,0
584,vanilluxe,,584,11,1,0,0,1,759,0,15,0
585,deerling-spring,spring,585,11,1,0,0,1,760,0,1,12
586,sawsbuck-spring,spring,586,11,1,0,0,1,764,0,1,12
587,emolga,,587,11,1,0,0,1,768,0,13,3
588,karrablast,,588,11,1,0,0,1,769,0,7,0
589,escavalier,,589,11,1,0,0,1,770,0,7,9
590,foongus,,590,11,1,0,0,1,771,0,12,4
591,amoonguss,,591,11,1,0,0,1,772,0,12,4
592,frillish,,592,11,1,0,0,1,773,0,11,8
593,jellicent,,593,11,1,0,0,1,774,0,11,8
594,alomomola,,594,11,1,0,0,1,775,0,11,0
595,joltik,,595,11,1,0,0,1,776,0,7,13
596,galvantula,,596,11,1,0,0,1,777,0,7,13
597,ferroseed,,597,11,1,0,0,1,778,0,12,9
598,ferrothorn,,598,11,1,0,0,1,779,0,12,9
599,klink,,599,11,1,0,0,1,780,0,9,0
600,klang,,600,11,1,0,0,1,781,0,9,0
601,klinklang,,601,11,1,0,0,1,782,0,9,0
602,tynamo,,602,11,1,0,0,1,783,0,13,0
603,eelektrik,,603,11,1,0,0,1,784,0,13,0
604,eelektross,,604,11,1,0,0,1,785,0,13,0
605,elgyem,,605,11,1,0,0,1,786,0,14,0
606,beheeyem,,606,11,1,0,0,1,787,0,14,0
607,litwick,,607,11,1,0,0,1,788,0,8,10
608,lampent,,608,11,1,0,0,1,789,0,8,10
609,chandelure,,609,11,1,0,0,1,790,0,8,10
610,axew,,610,11,1,0,0,1,791,0,16,0
611,fraxure,,611,11,1,0,0,1,792,0,16,0
612,haxorus,,612,11,1,0,0,1,793,0,16,0
613,cubchoo,,613,11,1,0,0,1,794,0,15,0
614,beartic,,614,11,1,0,0,1,795,0,15,0
615,cryogonal,,615,11,1,0,0,1,796,0,15,0
616,shelmet,,616,11,1,0,0,1,797,0,7,0
617,accelgor,,617,11,1,0,0,1,798,0,7,0
618,stunfisk,,618,11,1,0,0,1,799,0,5,13
619,mienfoo,,619,11,1,0,0,1,801,0,2,0
620,mienshao,,620,11,1,0,0,1,802,0,2,0
621,druddigon,,621,11,1,0,0,1,803,0,16,0
622,golett,,622,11,1,0,0,1,804,0,5,8
623,golurk,,623,11,1,0,0,1,805,0,5,8
624,pawniard,,624,11,1,0,0,1,806,0,17,9
625,bisharp,,625,11,1,0,0,1,807,0,17,9
626,bouffalant,,626,11,1,0,0,1,808,0,1,0
627,rufflet,,627,11,1,0,0,1,809,0,1,3
628,braviary,,628,11,1,0,0,1,810,0,1,3
629,vullaby,,629,11,1,0,0,1,811,0,17,3
630,mandibuzz,,630,11,1,0,0,1,812,0,17,3
631,heatmor,,631,11,1,0,0,1,813,0,10,0
632,durant,,632,11,1,0,0,1,814,0,7,9
633,deino,,633,11,1,0,0,1,815,0,17,16
634,zweilous,,634,11,1,0,0,1,816,0,17,16
635,hydreigon,,635,11,1,0,0,1,817,0,17,16
636,larvesta,,636,11,1,0,0,1,818,0,7,10
637,volcarona,,637,11,1,0,0,1,819,0,7,10
638,cobalion,,638,11,1,0,0,1,820,0,9,2
639,terrakion,,639,11,1,0,0,1,821,0,6,2
640,virizion,,640,11,1,0,0,1,822,0,12,2
641,tornadus-incarnate,incarnate,641,11,1,0,0,1,823,0,3,0
642,thundurus-incarnate,incarnate,642,11,1,0,0,1,825,0,13,3
643,reshiram,,643,11,1,0,0,1,827,0,16,10
644,zekrom,,644,11,1,0,0,1,828,0,16,13
645,landorus-incarnate,incarnate,645,11,1,0,0,1,829,0,5,3
646,kyurem,,646,11,1,0,0,1,831,0,16,15
647,keldeo-ordinary,ordinary,647,11,1,0,0,1,834,0,11,2
648,meloetta-aria,aria,648,11,1,0,0,1,836,0,1,14
649,genesect,,649,11,1,0,0,1,838,0,7,9
650,chespin,,650,15,1,0,0,1,843,0,12,0
651,quilladin,,651,15,1,0,0,1,844,0,12,0
652,chesnaught,,652,15,1,0,0,1,845,0,12,2
653,fennekin,,653,15,1,0,0,1,846,0,10,0
654,braixen,,654,15,1,0,0,1,847,0,10,0
655,delphox,,655,15,1,0,0,1,848,0,10,14
656,froakie,,656,15,1,0,0,1,849,0,11,0
657,frogadier,,657,15,1,0,0,1,850,0,11,0
658,greninja,,658,15,1,0,0,1,851,0,11,17
659,bunnelby,,659,15,1,0,0,1,854,0,1,0
660,diggersby,,660,15,1,0,0,1,855,0,1,5
661,fletchling,,661,15,1,0,0,1,856,0,1,3
662,fletchinder,,662,15,1,0,0,1,857,0,10,3
663,talonflame,,663,15,1,0,0,1,858,0,10,3
664,scatterbug-icy-snow,icy-snow,664,15,1,0,0,1,859,0,7,0
665,spewpa-icy-snow,icy-snow,665,15,1,0,0,1,879,0,7,0
666,vivillon-meadow,meadow,666,15,1,0,0,7,905,0,7,3
667,litleo,,667,15,1,0,0,1,919,0,10,1
668,pyroar,,668,15,1,0,0,1,920,0,10,1
669,flabebe-red,red,669,15,1,0,0,1,921,0,18,0
670,floette-red,red,670,15,1,0,0,1,926,0,18,0
671,florges-red,red,671,15,1,0,0,1,932,0,18,0
672,skiddo,,672,15,1,0,0,1,937,0,12,0
673,gogoat,,673,15,1,0,0,1,938,0,12,0
674,pancham,,674,15,1,0,0,1,939,0,2,0
675,pangoro,,675,15,1,0,0,1,940,0,2,17
676,furfrou-natural,natural,676,15,1,0,0,1,941,0,1,0
677,espurr,,677,15,1,0,0,1,951,0,14,0
678,meowstic-male,male,678,15,1,0,0,1,952,0,14,0
679,honedge,,679,15,1,0,0,1,954,0,9,8
680,doublade,,680,15,1,0,0,1,955,0,9,8
681,aegislash-shield,shield,681,15,1,0,0,1,956,0,9,8
682,spritzee,,682,15,1,0,0,1,958,0,18,0
683,aromatisse,,683,15,1,0,0,1,959,0,18,0
684,swirlix,,684,15,1,0,0,1,960,0,18,0
685,slurpuff,,685,15,1,0,0,1,961,0,18,0
686,inkay,,686,15,1,0,0,1,962,0,17,14
687,malamar,,687,15,1,0,0,1,963,0,17,14
688,binacle,,688,15,1,0,0,1,964,0,6,11
689,barbaracle,,689,15,1,0,0,1,965,0,6,11
690,skrelp,,690,15,1,0,0,1,966,0,4,11
691,dragalge,,691,15,1,0,0,1,967,0,4,16
692,clauncher,,692,15,1,0,0,1,968,0,11,0
693,clawitzer,,693,15,1,0,0,1,969,0,11,0
694,helioptile,,694,15,1,0,0,1,970,0,13,1
695,heliolisk,,695,15,1,0,0,1,971,0,13,1
696,tyrunt,,696,15,1,0,0,1,972,0,6,16
697,tyrantrum,,697,15,1,0,0,1,973,0,6,16
698,amaura,,698,15,1,0,0,1,974,0,6,15
699,aurorus,,699,15,1,0,0,1,975,0,6,15
700,sylveon,,700,15,1,0,0,1,225,0,18,0
701,hawlucha,,701,15,1,0,0,1,976,0,2,3
702,dedenne,,702,15,1,0,0,1,977,0,13,18
703,carbink,,703,15,1,0,0,1,978,0,6,18
704,goomy,,704,15,1,0,0,1,979,0,16,0
705,sliggoo,,705,15,1,0,0,1,980,0,16,0
706,goodra,,706,15,1,0,0,1,981,0,16,0
707,klefki,,707,15,1,0,0,1,982,0,9,18
708,phantump,,708,15,1,0,0,1,983,0,8,12
709,trevenant,,709,15,1,0,0,1,984,0,8,12
710,pumpkaboo-average,average,710,15,1,0,0,1,985,0,8,12
711,gourgeist-average,average,711,15,1,0,0,1,989,0,8,12
712,bergmite,,712,15,1,0,0,1,993,0,15,0
713,avalugg,,713,15,1,0,0,1,994,0,15,0
714,noibat,,714,15,1,0,0,1,995,0,3,16
715,noivern,,715,15,1,0,0,1,996,0,3,16
716,xerneas-active,active,716,15,0,1,0,2,998,0,18,0
717,yveltal,,717,15,1,0,0,1,999,0,17,3
718,zygarde-50,50,718,15,1,0,0,1,1000,0,16,5
719,diancie,,719,15,1,0,0,1,1005,0,6,18
720,hoopa,confined,720,15,1,0,0,1,1007,0,14,8
721,volcanion,,721,15,1,0,0,1,1009,0,10,11
722,rowlet,,722,17,1,0,0,1,1010,0,12,3
723,dartrix,,723,17,1,0,0,1,1011,0,12,3
724,decidueye,,724,17,1,0,0,1,1012,0,12,8
725,litten,,725,17,1,0,0,1,1013,0,10,0
726,torracat,,726,17,1,0,0,1,1014,0,10,0
727,incineroar,,727,17,1,0,0,1,1015,0,10,17
728,popplio,,728,17,1,0,0,1,1016,0,11,0
729,brionne,,729,17,1,0,0,1,1017,0,11,0
730,primarina,,730,17,1,0,0,1,1018,0,11,18
731,pikipek,,731,17,1,0,0,1,1019,0,1,3
732,trumbeak,,732,17,1,0,0,1,1020,0,1,3
733,toucannon,,733,17,1,0,0,1,1021,0,1,3
734,yungoos,,734,17,1,0,0,1,1022,0,1,0
735,gumshoos,,735,17,1,0,0,1,1023,0,1,0
736,grubbin,,736,17,1,0,0,1,1025,0,7,0
737,charjabug,,737,17,1,0,0,1,1026,0,7,13
738,vikavolt,,738,17,1,0,0,1,1027,0,7,13
739,crabrawler,,739,17,1,0,0,1,1029,0,2,0
740,crabominable,,740,17,1,0,0,1,1030,0,2,15
741,oricorio-baile,baile,741,17,1,0,0,1,1031,0,10,3
742,cutiefly,,742,17,1,0,0,1,1035,0,7,18
743,ribombee,,743,17,1,0,0,1,1036,0,7,18
744,rockruff,,744,17,1,0,0,1,1038,0,6,0
745,lycanroc-midday,midday,745,17,1,0,0,1,1040,0,6,0
746,wishiwashi-solo,solo,746,17,1,0,0,1,1043,0,11,0
747,mareanie,,747,17,1,0,0,1,1045,0,4,11
748,toxapex,,748,17,1,0,0,1,1046,0,4,11
749,mudbray,,749,17,1,0,0,1,1047,0,5,0
750,mudsdale,,750,17,1,0,0,1,1048,0,5,0
751,dewpider,,751,17,1,0,0,1,1049,0,11,7
752,araquanid,,752,17,1,0,0,1,1050,0,11,7
753,fomantis,,753,17,1,0,0,1,1052,0,12,0
754,lurantis,,754,17,1,0,0,1,1053,0,12,0
755,morelull,,755,17,1,0,0,1,1055,0,12,18
756,shiinotic,,756,17,1,0,0,1,1056,0,12,18
757,salandit,,757,17,1,0,0,1,1057,0,4,10
758,salazzle,,758,17,1,0,0,1,1058,0,4,10
759,stufful,,759,17,1,0,0,1,1060,0,1,2
760,bewear,,760,17,1,0,0,1,1061,0,1,2
761,bounsweet,,761,17,1,0,0,1,1062,0,12,0
762,steenee,,762,17,1,0,0,1,1063,0,12,0
763,tsareena,,763,17,1,0,0,1,1064,0,12,0
764,comfey,,764,17,1,0,0,1,1065,0,18,0
765,oranguru,,765,17,1,0,0,1,1066,0,1,14
766,passimian,,766,17,1,0,0,1,1067,0,2,0
767,wimpod,,767,17,1,0,0,1,1068,0,7,11
768,golisopod,,768,17,1,0,0,1,1069,0,7,11
769,sandygast,,769,17,1,0,0,1,1070,0,8,5
770,palossand,,770,17,1,0,0,1,1071,0,8,5
771,pyukumuku,,771,17,1,0,0,1,1072,0,11,0
772,type-null,,772,17,1,0,0,1,1073,0,1,0
773,silvally-normal,normal,773,17,1,0,0,1,1074,0,1,0
774,minior-red-meteor,red-meteor,774,17,1,0,0,1,1092,0,6,3
775,komala,,775,17,1,0,0,1,1106,0,1,0
776,turtonator,,776,17,1,0,0,1,1107,0,10,16
777,togedemaru,,777,17,1,0,0,1,1108,0,13,9
778,mimikyu-disguised,disguised,778,17,1,0,0,1,1110,0,8,18
779,bruxish,,779,17,1,0,0,1,1114,0,11,14
780,drampa,,780,17,1,0,0,1,1115,0,1,16
781,dhelmise,,781,17,1,0,0,1,1116,0,8,12
782,jangmo-o,,782,17,1,0,0,1,1117,0,16,0
783,hakamo-o,,783,17,1,0,0,1,1118,0,16,2
784,kommo-o,,784,17,1,0,0,1,1119,0,16,2
785,tapu-koko,,785,17,1,0,0,1,1121,0,13,18
786,tapu-lele,,786,17,1,0,0,1,1122,0,14,18
787,tapu-bulu,,787,17,1,0,0,1,1123,0,12,18
788,tapu-fini,,788,17,1,0,0,1,1124,0,11,18
789,cosmog,,789,17,1,0,0,1,1125,0,14,0
790,cosmoem,,790,17,1,0,0,1,1126,0,14,0
791,solgaleo,,791,17,1,0,0,1,1127,0,14,9
792,lunala,,792,17,1,0,0,1,1128,0,14,8
793,nihilego,,793,17,1,0,0,1,1129,0,6,4
794,buzzwole,,794,17,1,0,0,1,1130,0,7,2
795,pheromosa,,795,17,1,0,0,1,1131,0,7,2
796,xurkitree,,796,17,1,0,0,1,1132,0,13,0
797,celesteela,,797,17,1,0,0,1,1133,0,9,3
798,kartana,,798,17,1,0,0,1,1134,0,12,9
799,guzzlord,,799,17,1,0,0,1,1135,0,17,16
800,necrozma,,800,17,1,0,0,1,1136,0,14,0
801,magearna,,801,17,1,0,0,1,1140,0,9,18
802,marshadow,,802,17,1,0,0,1,1142,0,2,8
803,poipole,,803,18,1,0,0,1,1143,0,4,0
804,naganadel,,804,18,1,0,0,1,1144,0,4,16
805,stakataka,,805,18,1,0,0,1,1145,0,6,9
806,blacephalon,,806,18,1,0,0,1,1146,0,10,8
807,zeraora,,807,18,1,0,0,1,1147,0,13,0
808,meltan,,808,19,1,0,0,1,1148,0,9,0
809,melmetal,,809,19,1,0,0,1,1149,0,9,0
810,grookey,,810,20,1,0,0,1,1150,0,12,0
811,thwackey,,811,20,1,0,0,1,1151,0,12,0
812,rillaboom,,812,20,1,0,0,1,1152,0,12,0
813,scorbunny,,813,20,1,0,0,1,1153,0,10,0
814,raboot,,814,20,1,0,0,1,1154,0,10,0
815,cinderace,,815,20,1,0,0,1,1155,0,10,0
816,sobble,,816,20,1,0,0,1,1156,0,11,0
817,drizzile,,817,20,1,0,0,1,1157,0,11,0
818,inteleon,,818,20,1,0,0,1,1158,0,11,0
819,skwovet,,819,20,1,0,0,1,1159,0,1,0
820,greedent,,820,20,1,0,0,1,1160,0,1,0
821,rookidee,,821,20,1,0,0,1,1161,0,3,0
822,corvisquire,,822,20,1,0,0,1,1162,0,3,0
823,corviknight,,823,20,1,0,0,1,1163,0,3,9
824,blipbug,,824,20,1,0,0,1,1164,0,7,0
825,dottler,,825,20,1,0,0,1,1165,0,7,14
826,orbeetle,,826,20,1,0,0,1,1166,0,7,14
827,nickit,,827,20,1,0,0,1,1167,0,17,0
828,thievul,,828,20,1,0,0,1,1168,0,17,0
829,gossifleur,,829,20,1,0,0,1,1169,0,12,0
830,eldegoss,,830,20,1,0,0,1,1170,0,12,0
831,wooloo,,831,20,1,0,0,1,1171,0,1,0
832,dubwool,,832,20,1,0,0,1,1172,0,1,0
833,chewtle,,833,20,1,0,0,1,1173,0,11,0
834,drednaw,,834,20,1,0,0,1,1174,0,11,6
835,yamper,,835,20,1,0,0,1,1175,0,13,0
836,boltund,,836,20,1,0,0,1,1176,0,13,0
837,rolycoly,,837,20,1,0,0,1,1177,0,6,0
838,carkol,,838,20,1,0,0,1,1178,0,6,10
839,coalossal,,839,20,1,0,0,1,1179,0,6,10
840,applin,,840,20,1,0,0,1,1180,0,12,16
841,flapple,,841,20,1,0,0,1,1181,0,12,16
842,appletun,,842,20,1,0,0,1,1182,0,12,16
843,silicobra,,843,20,1,0,0,1,1183,0,5,0
844,sandaconda,,844,20,1,0,0,1,1184,0,5,0
845,cramorant,,845,20,1,0,0,1,1185,0,3,11
846,arrokuda,,846,20,1,0,0,1,1188,0,11,0
847,barraskewda,,847,20,1,0,0,1,1189,0,11,0
848,toxel,,848,20,1,0,0,1,1190,0,13,4
849,toxtricity-amped,amped,849,20,1,0,0,1,1191,0,13,4
850,sizzlipede,,850,20,1,0,0,1,1193,0,10,7
851,centiskorch,,851,20,1,0,0,1,1194,0,10,7
852,clobbopus,,852,20,1,0,0,1,1195,0,2,0
853,grapploct,,853,20,1,0,0,1,1196,0,2,0
854,sinistea-phony,phony,854,20,1,0,0,1,1197,0,8,0
855,polteageist-phony,phony,855,20,1,0,0,1,1199,0,8,0
856,hatenna,,856,20,1,0,0,1,1201,0,14,0
857,hattrem,,857,20,1,0,0,1,1202,0,14,0
858,hatterene,,858,20,1,0,0,1,1203,0,14,18
859,impidimp,,859,20,1,0,0,1,1204,0,17,18
860,morgrem,,860,20,1,0,0,1,1205,0,17,18
861,grimmsnarl,,861,20,1,0,0,1,1206,0,17,18
862,obstagoon,,862,20,1,0,0,1,1207,0,17,1
863,perrserker,,863,20,1,0,0,1,1208,0,9,0
864,cursola,,864,20,1,0,0,1,1209,0,8,0
865,sirfetchd,,865,20,1,0,0,1,1210,0,2,0
866,mr-rime,,866,20,1,0,0,1,1211,0,15,14
867,runerigus,,867,20,1,0,0,1,1212,0,5,8
868,milcery,,868,20,1,0,0,1,1213,0,18,0
869,alcremie-vanilla-cream-strawberry-sweet,vanilla-cream-strawberry-sweet,869,20,1,0,0,1,1214,0,18,0
870,falinks,,870,20,1,0,0,1,1223,0,2,0
871,pincurchin,,871,20,1,0,0,1,1224,0,13,0
872,snom,,872,20,1,0,0,1,1225,0,15,7
873,frosmoth,,873,20,1,0,0,1,1226,0,15,7
874,stonjourner,,874,20,1,0,0,1,1227,0,6,0
875,eiscue-ice,ice,875,20,1,0,0,1,1228,0,15,0
876,indeedee-male,male,876,20,1,0,0,1,1230,0,14,1
877,morpeko-full-belly,full-belly,877,20,1,0,0,1,1232,0,13,17
878,cufant,,878,20,1,0,0,1,1234,0,9,0
879,copperajah,,879,20,1,0,0,1,1235,0,9,0
880,dracozolt,,880,20,1,0,0,1,1236,0,13,16
881,arctozolt,,881,20,1,0,0,1,1237,0,13,15
882,dracovish,,882,20,1,0,0,1,1238,0,11,16
883,arctovish,,883,20,1,0,0,1,1239,0,11,15
884,duraludon,,884,20,1,0,0,1,1240,0,9,16
885,dreepy,,885,20,1,0,0,1,1241,0,16,8
886,drakloak,,886,20,1,0,0,1,1242,0,16,8
887,dragapult,,887,20,1,0,0,1,1243,0,16,8
888,zacian,,888,20,1,0,0,1,1244,0,18,0
889,zamazenta,,889,20,1,0,0,1,1246,0,2,0
890,eternatus,,890,20,1,0,0,1,1248,0,4,16
891,kubfu,,891,20,1,0,0,1,1250,0,2,0
892,urshifu-single-strike,single-strike,892,20,1,0,0,1,1251,0,2,17
893,zarude,,893,20,1,0,0,1,1253,0,17,12
894,regieleki,,894,20,1,0,0,1,1255,0,13,0
895,regidrago,,895,20,1,0,0,1,1256,0,16,0
896,glastrier,,896,20,1,0,0,1,1257,0,15,0
897,spectrier,,897,20,1,0,0,1,1258,0,8,0
898,calyrex,,898,20,1,0,0,1,1259,0,14,12
899,wyrdeer,,899,24,1,0,0,1,1260,0,1,14
900,kleavor,,900,24,1,0,0,1,1261,0,7,6
901,ursaluna,,901,24,1,0,0,1,1262,0,5,1
902,basculegion-male,male,902,24,1,0,0,1,1263,0,11,8
903,sneasler,,903,24,1,0,0,1,1264,0,2,4
904,overqwil,,904,24,1,0,0,1,1265,0,17,4
905,enamorus-incarnate,incarnate,905,24,1,0,0,1,1266,0,18,3
906,sprigatito,,906,25,1,0,0,1,1267,0,12,0
907,floragato,,907,25,1,0,0,1,1268,0,12,0
908,meowscarada,,908,25,1,0,0,1,1269,0,12,17
909,fuecoco,,909,25,1,0,0,1,1270,0,10,0
910,crocalor,,910,25,1,0,0,1,1271,0,10,0
911,skeledirge,,911,25,1,0,0,1,1272,0,10,8
912,quaxly,,912,25,1,0,0,1,1273,0,11,0
913,quaxwell,,913,25,1,0,0,1,1274,0,11,0
914,quaquaval,,914,25,1,0,0,1,1275,0,11,2
915,lechonk,,915,25,1,0,0,1,1276,0,1,0
916,oinkologne-male,male,916,25,1,0,0,1,1277,0,1,0
917,tarountula,,917,25,1,0,0,1,1279,0,7,0
918,spidops,,918,25,1,0,0,1,1280,0,7,0
919,nymble,,919,25,1,0,0,1,1281,0,7,0
920,lokix,,920,25,1,0,0,1,1282,0,7,17
921,pawmi,,921,25,1,0,0,1,1315,0,13,0
922,pawmo,,922,25,1,0,0,1,1316,0,13,2
923,pawmot,,923,25,1,0,0,1,1317,0,13,2
924,tandemaus,,924,25,1,0,0,1,1306,0,1,0
925,maushold-family-of-four,family-of-four,925,25,1,0,0,1,1307,0,1,0
926,fidough,,926,25,1,0,0,1,1331,0,18,0
927,dachsbun,,927,25,1,0,0,1,1332,0,18,0
928,smoliv,,928,25,1,0,0,1,1296,0,12,1
929,dolliv,,929,25,1,0,0,1,1297,0,12,1
930,arboliva,,930,25,1,0,0,1,1298,0,12,1
931,squawkabilly-green-plumage,green-plumage,931,25,1,0,0,1,1321,0,1,3
932,nacli,,932,25,1,0,0,1,1324,0,6,0
933,naclstack,,933,25,1,0,0,1,1325,0,6,0
934,garganacl,,934,25,1,0,0,1,1326,0,6,0
935,charcadet,,935,25,1,0,0,1,1362,0,10,0
936,armarouge,,936,25,1,0,0,1,1363,0,10,14
937,ceruledge,,937,25,1,0,0,1,1364,0,10,8
938,tadbulb,,938,25,1,0,0,1,1301,0,13,0
939,bellibolt,,939,25,1,0,0,1,1302,0,13,0
940,wattrel,,940,25,1,0,0,1,1318,0,13,3
941,kilowattrel,,941,25,1,0,0,1,1319,0,13,3
942,maschiff,,942,25,1,0,0,1,1333,0,17,0
943,mabosstiff,,943,25,1,0,0,1,1334,0,17,0
944,shroodle,,944,25,1,0,0,1,1329,0,4,1
945,grafaiai,,945,25,1,0,0,1,1330,0,4,1
946,bramblin,,946,25,1,0,0,1,1335,0,12,8
947,brambleghast,,947,25,1,0,0,1,1336,0,12,8
948,toedscool,,948,25,1,0,0,1,1365,0,5,12
949,toedscruel,,949,25,1,0,0,1,1366,0,5,12
950,klawf,,950,25,1,0,0,1,1323,0,6,0
951,capsakid,,951,25,1,0,0,1,1299,0,12,0
952,scovillain,,952,25,1,0,0,1,1300,0,12,10
953,rellor,,953,25,1,0,0,1,1283,0,7,0
954,rabsca,,954,25,1,0,0,1,1284,0,7,14
955,flittle,,955,25,1,0,0,1,1287,0,14,0
956,espathra,,956,25,1,0,0,1,1288,0,14,0
957,tinkatink,,957,25,1,0,0,1,1359,0,18,9
958,tinkatuff,,958,25,1,0,0,1,1360,0,18,9
959,tinkaton,,959,25,1,0,0,1,1361,0,18,9
960,wiglett,,960,25,1,0,0,1,1290,0,11,0
961,wugtrio,,961,25,1,0,0,1,1291,0,11,0
962,bombirdier,,962,25,1,0,0,1,1320,0,3,17
963,finizen,,963,25,1,0,0,1,1294,0,11,0
964,palafin-zero,zero,964,25,1,0,0,1,1295,0,11,0
965,varoom,,965,25,1,0,0,1,1303,0,9,4
966,revavroom,,966,25,1,0,0,1,1304,0,9,4
967,cyclizar,,967,25,1,0,0,1,1314,0,16,1
968,orthworm,,968,25,1,0,0,1,1305,0,9,0
969,glimmet,,969,25,1,0,0,1,1327,0,6,4
970,glimmora,,970,25,1,0,0,1,1328,0,6,4
971,greavard,,971,25,1,0,0,1,1285,0,8,0
972,houndstone,,972,25,1,0,0,1,1286,0,8,0
973,flamigo,,973,25,1,0,0,1,1322,0,3,2
974,cetoddle,,974,25,1,0,0,1,1308,0,15,0
975,cetitan,,975,25,1,0,0,1,1309,0,15,0
976,veluza,,976,25,1,0,0,1,1293,0,11,14
977,dondozo,,977,25,1,0,0,1,1292,0,11,0
978,tatsugiri-curly,curly,978,25,1,0,0,1,1313,0,16,11
979,annihilape,,979,25,1,0,0,1,1369,0,2,8
980,clodsire,,980,25,1,0,0,1,1368,0,4,5
981,farigiraf,,981,25,1,0,0,1,1289,0,1,14
982,dudunsparce-two-segment,two-segment,982,25,1,0,0,1,1278,0,1,0
983,kingambit,,983,25,1,0,0,1,1367,0,17,9
984,great-tusk,,984,25,1,0,0,1,1339,0,5,2
985,scream-tail,,985,25,1,0,0,1,1342,0,18,14
986,brute-bonnet,,986,25,1,0,0,1,1340,0,12,17
987,flutter-mane,,987,25,1,0,0,1,1343,0,8,18
988,slither-wing,,988,25,1,0,0,1,1344,0,7,2
989,sandy-shocks,,989,25,1,0,0,1,1341,0,13,5
990,iron-treads,,990,25,1,0,0,1,1346,0,5,9
991,iron-bundle,,991,25,1,0,0,1,1351,0,15,11
992,iron-hands,,992,25,1,0,0,1,1348,0,2,13
993,iron-jugulis,,993,25,1,0,0,1,1349,0,17,3
994,iron-moth,,994,25,1,0,0,1,1347,0,10,4
995,iron-thorns,,995,25,1,0,0,1,1350,0,6,13
996,frigibax,,996,25,1,0,0,1,1310,0,16,15
997,arctibax,,997,25,1,0,0,1,1311,0,16,15
998,baxcalibur,,998,25,1,0,0,1,1312,0,16,15
999,gimmighoul-chest,chest,999,25,1,0,0,1,1337,0,8,0
1000,gholdengo,,1000,25,1,0,0,1,1338,0,9,8
1001,wo-chien,,1001,25,1,0,0,1,1355,0,17,12
1002,chien-pao,,1002,25,1,0,0,1,1354,0,17,15
1003,ting-lu,,1003,25,1,0,0,1,1353,0,17,5
1004,chi-yu,,1004,25,1,0,0,1,1356,0,17,10
1005,roaring-moon,,1005,25,1,0,0,1,1345,0,16,17
1006,iron-valiant,,1006,25,1,0,0,1,1352,0,18,2
1007,koraidon-apex-build,apex-build,1007,25,1,0,0,1,1357,0,2,16
1008,miraidon-ultimate-mode,ultimate-mode,1008,25,1,0,0,1,1358,0,13,16
1009,walking-wake,,1009,25,1,0,0,1,1370,0,11,16
1010,iron-leaves,,1010,25,1,0,0,1,1371,0,12,14
1011,dipplin,,1011,26,1,0,0,1,1373,0,12,16
1012,poltchageist-counterfeit,counterfeit,1012,26,1,0,0,1,1374,0,12,8
1013,sinistcha-unremarkable,unremarkable,1013,26,1,0,0,1,1376,0,12,8
1014,okidogi,,1014,26,1,0,0,1,1378,0,4,2
1015,munkidori,,1015,26,1,0,0,1,1379,0,4,14
1016,fezandipiti,,1016,26,1,0,0,1,1380,0,4,18
1017,ogerpon,,1017,26,1,0,0,1,1381,0,12,0
1018,archaludon,,1018,27,1,0,0,1,1385,0,9,16
1019,hydrapple,,1019,27,1,0,0,1,1386,0,12,16
1020,gouging-fire,,1020,27,1,0,0,1,1387,0,10,16
1021,raging-bolt,,1021,27,1,0,0,1,1388,0,13,16
1022,iron-boulder,,1022,27,1,0,0,1,1389,0,6,14
1023,iron-crown,,1023,27,1,0,0,1,1390,0,9,14
1024,terapagos,,1024,27,1,0,0,1,1391,0,1,0
1025,pecharunt,,1025,27,1,0,0,1,1394,0,4,8
10001,unown-b,b,201,3,0,0,0,2,299,0,14,0
10002,unown-c,c,201,3,0,0,0,3,300,0,14,0
10003,unown-d,d,201,3,0,0,0,4,301,0,14,0
10004,unown-e,e,201,3,0,0,0,5,302,0,14,0
10005,unown-f,f,201,3,0,0,0,6,303,0,14,0
10006,unown-g,g,201,3,0,0,0,7,304,0,14,0
10007,unown-h,h,201,3,0,0,0,8,305,0,14,0
10008,unown-i,i,201,3,0,0,0,9,306,0,14,0
10009,unown-j,j,201,3,0,0,0,10,307,0,14,0
10010,unown-k,k,201,3,0,0,0,11,308,0,14,0
10011,unown-l,l,201,3,0,0,0,12,309,0,14,0
10012,unown-m,m,201,3,0,0,0,13,310,0,14,0
10013,unown-n,n,201,3,0,0,0,14,311,0,14,0
10014,unown-o,o,201,3,0,0,0,15,312,0,14,0
10015,unown-p,p,201,3,0,0,0,16,313,0,14,0
10016,unown-q,q,201,3,0,0,0,17,314,0,14,0
10017,unown-r,r,201,3,0,0,0,18,315,0,14,0
10018,unown-s,s,201,3,0,0,0,19,316,1,14,0
10019,unown-t,t,201,3,0,0,0,20,317,0,14,0
10020,unown-u,u,201,3,0,0,0,21,318,0,14,0
10021,unown-v,v,201,3,0,0,0,22,319,0,14,0
10022,unown-w,w,201,3,0,0,0,23,320,0,14,0
10023,unown-x,x,201,3,0,0,0,24,321,0,14,0
10024,unown-y,y,201,3,0,0,0,25,322,0,14,0
10025,unown-z,z,201,3,0,0,0,26,323,0,14,0
10026,unown-exclamation,exclamation,201,5,0,0,0,27,324,0,14,0
10027,unown-question,question,201,5,0,0,0,28,325,0,14,0
10028,castform-sunny,sunny,10013,5,1,1,0,2,493,0,10,0
10029,castform-rainy,rainy,10014,5,1,1,0,3,494,0,11,0
10030,castform-snowy,snowy,10015,5,1,1,0,4,495,0,15,0
10031,deoxys-attack,attack,10001,7,1,0,0,2,543,0,14,0
10032,deoxys-defense,defense,10002,7,1,0,0,3,544,0,14,0
10033,deoxys-speed,speed,10003,6,1,0,0,4,545,0,14,0
10034,burmy-sandy,sandy,412,8,0,0,0,2,570,0,7,0
10035,burmy-trash,trash,412,8,0,0,0,3,571,0,7,0
10036,wormadam-sandy,sandy,10004,8,1,0,0,2,573,0,7,5
10037,wormadam-trash,trash,10005,8,1,0,0,3,574,0,7,9
10038,cherrim-sunshine,sunshine,421,8,0,1,0,2,585,0,12,0
10039,shellos-east,east,422,8,0,0,0,2,587,0,11,0
10040,gastrodon-east,east,423,8,0,0,0,2,589,0,11,5
10041,arceus-bug,bug,493,8,0,0,0,7,649,0,1,0
10042,arceus-dark,dark,493,8,0,0,0,17,659,0,1,0
10043,arceus-dragon,dragon,493,8,0,0,0,16,658,0,1,0
10044,arceus-electric,electric,493,8,0,0,0,13,655,0,1,0
10045,arceus-fighting,fighting,493,8,0,0,0,2,644,0,1,0
10046,arceus-fire,fire,493,8,0,0,0,10,652,0,1,0
10047,arceus-flying,flying,493,8,0,0,0,3,645,0,1,0
10048,arceus-ghost,ghost,493,8,0,0,0,8,650,0,1,0
10049,arceus-grass,grass,493,8,0,0,0,12,654,0,1,0
10050,arceus-ground,ground,493,8,0,0,0,5,647,0,1,0
10051,arceus-ice,ice,493,8,0,0,0,15,657,0,1,0
10052,arceus-poison,poison,493,8,0,0,0,4,646,0,1,0
10053,arceus-psychic,psychic,493,8,0,0,0,14,656,0,1,0
10054,arceus-rock,rock,493,8,0,0,0,6,648,0,1,0
10055,arceus-steel,steel,493,8,0,0,0,9,651,0,1,0
10056,arceus-water,water,493,8,0,0,0,11,653,0,1,0
10057,arceus-unknown,unknown,493,8,0,0,0,19,661,0,1,0
10058,rotom-heat,heat,10008,9,1,0,0,2,623,0,13,10
10059,rotom-wash,wash,10009,9,1,0,0,3,624,0,13,11
10060,rotom-frost,frost,10010,9,1,0,0,4,625,0,13,15
10061,rotom-fan,fan,10011,9,1,0,0,5,626,0,13,3
10062,rotom-mow,mow,10012,9,1,0,0,6,627,0,13,12
10063,giratina-origin,origin,10007,9,1,0,0,2,636,0,8,16
10064,shaymin-sky,sky,10006,9,1,0,0,2,642,0,12,3
10065,pichu-spiky-eared,spiky-eared,172,10,0,0,0,2,35,0,13,0
10066,basculin-blue-striped,blue-striped,10016,11,1,0,0,2,720,0,11,0
10067,darmanitan-zen,zen,10017,11,1,1,0,2,727,0,10,14
10068,deerling-summer,summer,585,11,0,0,0,2,761,0,1,12
10069,deerling-autumn,autumn,585,11,0,0,0,3,762,0,1,12
10070,deerling-winter,winter,585,11,0,0,0,4,763,0,1,12
10071,sawsbuck-summer,summer,586,11,0,0,0,2,765,0,1,12
10072,sawsbuck-autumn,autumn,586,11,0,0,0,3,766,0,1,12
10073,sawsbuck-winter,winter,586,11,0,0,0,4,767,0,1,12
10074,meloetta-pirouette,pirouette,10018,11,1,1,0,2,837,0,1,2
10075,genesect-douse,douse,649,11,0,0,0,2,839,0,7,9
10076,genesect-shock,shock,649,11,0,0,0,3,840,0,7,9
10077,genesect-burn,burn,649,11,0,0,0,4,841,0,7,9
10078,genesect-chill,chill,649,11,0,0,0,5,842,0,7,9
10079,tornadus-therian,therian,10019,14,1,0,0,2,824,0,3,0
10080,thundurus-therian,therian,10020,14,1,0,0,2,826,0,13,3
10081,landorus-therian,therian,10021,14,1,0,0,2,830,0,5,3
10082,kyurem-black,black,10022,14,1,0,0,3,833,0,16,15
10083,kyurem-white,white,10023,14,1,0,0,2,832,0,16,15
10084,keldeo-resolute,resolute,10024,14,1,0,0,2,835,0,11,2
10085,arceus-fairy,fairy,493,15,0,0,0,18,660,0,1,0
10086,vivillon-icy-snow,icy-snow,666,15,0,0,0,1,899,0,7,3
10087,vivillon-polar,polar,666,15,0,0,0,2,900,0,7,3
10088,vivillon-tundra,tundra,666,15,0,0,0,3,901,0,7,3
10089,vivillon-continental,continental,666,15,0,0,0,4,902,0,7,3
10090,vivillon-garden,garden,666,15,0,0,0,5,903,0,7,3
10091,vivillon-elegant,elegant,666,15,0,0,0,6,904,0,7,3
10092,vivillon-modern,modern,666,15,0,0,0,8,906,0,7,3
10093,vivillon-marine,marine,666,15,0,0,0,9,907,0,7,3
10094,vivillon-archipelago,archipelago,666,15,0,0,0,10,908,0,7,3
10095,vivillon-high-plains,high-plains,666,15,0,0,0,11,909,0,7,3
10096,vivillon-sandstorm,sandstorm,666,15,0,0,0,12,910,0,7,3
10097,vivillon-river,river,666,15,0,0,0,13,911,0,7,3
10098,vivillon-monsoon,monsoon,666,15,0,0,0,14,912,0,7,3
10099,vivillon-savanna,savanna,666,15,0,0,0,15,913,0,7,3
10100,vivillon-sun,sun,666,15,0,0,0,16,914,0,7,3
10101,vivillon-ocean,ocean,666,15,0,0,0,17,915,0,7,3
10102,vivillon-jungle,jungle,666,15,0,0,0,18,916,0,7,3
10103,flabebe-yellow,yellow,669,15,0,0,0,2,922,0,18,0
10104,flabebe-orange,orange,669,15,0,0,0,3,923,0,18,0
10105,flabebe-blue,blue,669,15,0,0,0,4,924,0,18,0
10106,flabebe-white,white,669,15,0,0,0,5,925,0,18,0
10107,floette-yellow,yellow,670,15,0,0,0,2,927,0,18,0
10108,floette-orange,orange,670,15,0,0,0,3,928,0,18,0
10109,floette-blue,blue,670,15,0,0,0,4,929,0,18,0
10110,floette-white,white,670,15,0,0,0,5,930,0,18,0
10111,florges-yellow,yellow,671,15,0,0,0,2,933,0,18,0
10112,florges-orange,orange,671,15,0,0,0,3,934,0,18,0
10113,florges-blue,blue,671,15,0,0,0,4,935,0,18,0
10114,florges-white,white,671,15,0,0,0,5,936,0,18,0
10115,furfrou-heart,heart,676,15,0,0,0,2,942,0,1,0
10116,furfrou-star,star,676,15,0,0,0,3,943,0,1,0
10117,furfrou-diamond,diamond,676,15,0,0,0,4,944,0,1,0
10118,furfrou-debutante,debutante,676,15,0,0,0,5,945,0,1,0
10119,furfrou-matron,matron,676,15,0,0,0,6,946,0,1,0
10120,furfrou-dandy,dandy,676,15,0,0,0,7,947,0,1,0
10121,furfrou-la-reine,la-reine,676,15,0,0,0,8,948,0,1,0
10122,furfrou-kabuki,kabuki,676,15,0,0,0,9,949,0,1,0
10123,furfrou-pharaoh,pharaoh,676,15,0,0,0,10,950,0,1,0
10124,meowstic-female,female,10025,15,1,0,0,2,953,0,14,0
10125,aegislash-blade,blade,10026,15,1,1,0,2,957,0,9,8
10126,pumpkaboo-small,small,10027,15,1,0,0,2,986,0,8,12
10127,pumpkaboo-large,large,10028,15,1,0,0,3,987,0,8,12
10128,pumpkaboo-super,super,10029,15,1,0,0,4,988,0,8,12
10129,gourgeist-small,small,10030,15,1,0,0,2,990,0,8,12
10130,gourgeist-large,large,10031,15,1,0,0,3,991,0,8,12
10131,gourgeist-super,super,10032,15,1,0,0,4,992,0,8,12
10132,xerneas-neutral,neutral,716,15,1,0,0,1,997,0,18,0
10133,venusaur-mega,mega,10033,15,1,1,1,2,4,0,12,4
10134,charizard-mega-x,mega-x,10034,15,1,1,1,2,8,0,10,16
10135,charizard-mega-y,mega-y,10035,15,1,1,1,3,9,0,10,3
10136,blastoise-mega,mega,10036,15,1,1,1,2,13,0,11,0
10137,alakazam-mega,mega,10037,15,1,1,1,2,107,0,14,0
10138,gengar-mega,mega,10038,15,1,1,1,2,151,0,8,4
10139,kangaskhan-mega,mega,10039,15,1,1,1,2,186,0,1,0
10140,pinsir-mega,mega,10040,15,1,1,1,2,209,0,7,3
10141,gyarados-mega,mega,10041,15,1,1,1,2,213,0,11,17
10142,aerodactyl-mega,mega,10042,15,1,1,1,2,234,0,6,3
10143,mewtwo-mega-x,mega-x,10043,15,1,1,1,2,247,0,14,2
10144,mewtwo-mega-y,mega-y,10044,15,1,1,1,3,248,0,14,0
10145,ampharos-mega,mega,10045,15,1,1,1,2,277,0,13,16
10146,scizor-mega,mega,10046,15,1,1,1,2,199,0,7,9
10147,heracross-mega,mega,10047,15,1,1,1,2,339,0,7,2
10148,houndoom-mega,mega,10048,15,1,1,1,2,359,0,17,10
10149,tyranitar-mega,mega,10049,15,1,1,1,2,371,0,6,17
10150,blaziken-mega,mega,10050,15,1,1,1,2,382,0,10,2
10151,gardevoir-mega,mega,10051,15,1,1,1,2,411,0,14,18
10152,mawile-mega,mega,10052,15,1,1,1,2,436,0,9,18
10153,aggron-mega,mega,10053,15,1,1,1,2,440,0,9,0
10154,medicham-mega,mega,10054,15,1,1,1,2,443,0,2,14
10155,manectric-mega,mega,10055,15,1,1,1,2,446,0,13,0
10156,banette-mega,mega,10056,15,1,1,1,2,499,0,8,0
10157,absol-mega,mega,10057,15,1,1,1,2,507,0,17,0
10158,garchomp-mega,mega,10058,15,1,1,1,2,606,0,16,5
10159,lucario-mega,mega,10059,15,1,1,1,2,609,0,2,9
10160,abomasnow-mega,mega,10060,15,1,1,1,2,621,0,12,15
10161,vivillon-fancy,fancy,666,15,0,0,0,19,917,0,7,3
10162,vivillon-poke-ball,poke-ball,666,15,0,0,0,20,918,0,7,3
10163,floette-eternal,eternal,10061,15,1,0,0,6,931,0,18,0
10164,latias-mega,mega,10062,15,1,1,1,2,532,0,16,14
10165,latios-mega,mega,10063,15,1,1,1,2,534,0,16,14
10166,swampert-mega,mega,10064,16,1,1,1,2,386,0,11,5
10167,sceptile-mega,mega,10065,16,1,1,1,2,378,0,12,16
10168,sableye-mega,mega,10066,16,1,1,1,2,434,0,17,8
10169,altaria-mega,mega,10067,16,1,1,1,2,475,0,16,18
10170,gallade-mega,mega,10068,16,1,1,1,2,413,0,14,2
10171,audino-mega,mega,10069,16,1,1,1,2,700,0,1,18
10172,sharpedo-mega,mega,10070,16,1,1,1,2,458,0,11,17
10173,slowbro-mega,mega,10071,16,1,1,1,2,129,0,11,14
10174,steelix-mega,mega,10072,16,1,1,1,2,154,0,9,5
10175,pidgeot-mega,mega,10073,16,1,1,1,2,24,0,1,3
10176,glalie-mega,mega,10074,16,1,1,1,2,510,0,15,0
10177,diancie-mega,mega,10075,16,1,1,1,2,1006,0,6,18
10178,metagross-mega,mega,10076,16,1,1,1,2,527,0,9,14
10179,kyogre-primal,primal,10077,16,1,1,0,2,536,0,11,0
10180,groudon-primal,primal,10078,16,1,1,0,2,538,0,5,10
10181,rayquaza-mega,mega,10079,16,1,1,1,2,540,0,16,3
10182,pikachu-rock-star,rock-star,10080,16,1,0,0,3,38,0,13,0
10183,pikachu-belle,belle,10081,16,1,0,0,4,39,0,13,0
10184,pikachu-pop-star,pop-star,10082,16,1,0,0,5,40,0,13,0
10185,pikachu-phd,phd,10083,16,1,0,0,6,41,0,13,0
10186,pikachu-libre,libre,10084,16,1,0,0,7,42,0,13,0
10187,pikachu-cosplay,cosplay,10085,16,1,0,0,2,37,0,13,0
10188,hoopa-unbound,unbound,10086,16,1,0,0,2,1008,0,14,17
10189,camerupt-mega,mega,10087,16,1,1,1,2,463,0,10,5
10190,lopunny-mega,mega,10088,16,1,1,1,2,594,0,1,2
10191,salamence-mega,mega,10089,16,1,1,1,2,523,0,16,3
10192,beedrill-mega,mega,10090,16,1,1,1,2,20,0,7,4
10193,rattata-alola,alola,10091,17,1,0,0,2,26,0,17,1
10194,raticate-alola,alola,10092,17,1,0,0,2,28,0,17,1
10195,raticate-totem-alola,totem-alola,10093,17,1,0,0,3,29,0,17,1
10196,pikachu-original-cap,original-cap,10094,17,1,0,0,8,43,0,13,0
10197,pikachu-hoenn-cap,hoenn-cap,10095,17,1,0,0,9,44,0,13,0
10198,pikachu-sinnoh-cap,sinnoh-cap,10096,17,1,0,0,10,45,0,13,0
10199,pikachu-unova-cap,unova-cap,10097,17,1,0,0,11,46,0,13,0
10200,pikachu-kalos-cap,kalos-cap,10098,17,1,0,0,12,47,0,13,0
10201,pikachu-alola-cap,alola-cap,10099,17,1,0,0,13,48,0,13,0
10202,raichu-alola,alola,10100,17,1,0,0,2,53,0,13,14
10203,sandshrew-alola,alola,10101,17,1,0,0,2,55,0,15,9
10204,sandslash-alola,alola,10102,17,1,0,0,2,57,0,15,9
10205,vulpix-alola,alola,10103,17,1,0,0,2,68,0,15,0
10206,ninetales-alola,alola,10104,17,1,0,0,2,70,0,15,18
10207,diglett-alola,alola,10105,17,1,0,0,2,86,0,5,9
10208,dugtrio-alola,alola,10106,17,1,0,0,2,88,0,5,9
10209,meowth-alola,alola,10107,17,1,0,0,2,90,0,17,0
10210,persian-alola,alola,10108,17,1,0,0,2,93,0,17,0
10211,geodude-alola,alola,10109,17,1,0,0,2,117,0,6,13
10212,graveler-alola,alola,10110,17,1,0,0,2,119,0,6,13
10213,golem-alola,alola,10111,17,1,0,0,2,121,0,6,13
10214,grimer-alola,alola,10112,17,1,0,0,2,143,0,4,17
10215,muk-alola,alola,10113,17,1,0,0,2,145,0,4,17
10216,exeggutor-alola,alola,10114,17,1,0,0,2,163,0,12,16
10217,marowak-alola,alola,10115,17,1,0,0,2,166,0,10,8
10218,greninja-battle-bond,battle-bond,10116,17,1,0,0,2,852,0,11,17
10219,greninja-ash,ash,10117,17,1,1,0,3,853,0,11,17
10220,zygarde-10-power-construct,10-power-construct,10118,17,1,0,0,3,1002,0,16,5
10221,zygarde-50-power-construct,50-power-construct,10119,17,1,0,0,4,1003,0,16,5
10222,zygarde-complete,complete,10120,17,1,1,0,5,1004,0,16,5
10223,gumshoos-totem,totem,10121,17,1,0,0,2,1024,0,1,0
10224,vikavolt-totem,totem,10122,17,1,0,0,2,1028,0,7,13
10225,oricorio-pom-pom,pom-pom,10123,17,1,0,0,2,1032,0,13,3
10226,oricorio-pau,pau,10124,17,1,0,0,3,1033,0,14,3
10227,oricorio-sensu,sensu,10125,17,1,0,0,4,1034,0,8,3
10228,lycanroc-midnight,midnight,10126,17,1,0,0,2,1041,0,6,0
10229,wishiwashi-school,school,10127,17,1,1,0,2,1044,0,11,0
10230,lurantis-totem,totem,10128,17,1,0,0,2,1054,0,12,0
10231,salazzle-totem,totem,10129,17,1,0,0,2,1059,0,4,10
10232,silvally-fighting,fighting,773,17,0,0,0,2,1075,0,1,0
10233,silvally-flying,flying,773,17,0,0,0,3,1076,0,1,0
10234,silvally-poison,poison,773,17,0,0,0,4,1077,0,1,0
10235,silvally-ground,ground,773,17,0,0,0,5,1078,0,1,0
10236,silvally-rock,rock,773,17,0,0,0,6,1079,0,1,0
10237,silvally-bug,bug,773,17,0,0,0,7,1080,0,1,0
10238,silvally-ghost,ghost,773,17,0,0,0,8,1081,0,1,0
10239,silvally-steel,steel,773,17,0,0,0,9,1082,0,1,0
10240,silvally-fire,fire,773,17,0,0,0,10,1083,0,1,0
10241,silvally-water,water,773,17,0,0,0,11,1084,0,1,0
10242,silvally-grass,grass,773,17,0,0,0,12,1085,0,1,0
10243,silvally-electric,electric,773,17,0,0,0,13,1086,0,1,0
10244,silvally-psychic,psychic,773,17,0,0,0,14,1087,0,1,0
10245,silvally-ice,ice,773,17,0,0,0,15,1088,0,1,0
10246,silvally-dragon,dragon,773,17,0,0,0,16,1089,0,1,0
10247,silvally-dark,dark,773,17,0,0,0,17,1090,0,1,0
10248,silvally-fairy,fairy,773,17,0,0,0,18,1091,0,1,0
10249,minior-orange-meteor,orange-meteor,10130,17,1,1,0,2,1093,0,6,3
10250,minior-yellow-meteor,yellow-meteor,10131,17,1,1,0,3,1094,0,6,3
10251,minior-green-meteor,green-meteor,10132,17,1,1,0,4,1095,0,6,3
10252,minior-blue-meteor,blue-meteor,10133,17,1,1,0,5,1096,0,6,3
10253,minior-indigo-meteor,indigo-meteor,10134,17,1,1,0,6,1097,0,6,3
10254,minior-violet-meteor,violet-meteor,10135,17,1,1,0,7,1098,0,6,3
10255,minior-red,red,10136,17,1,0,0,8,1099,0,6,3
10256,minior-orange,orange,10137,17,1,0,0,9,1100,0,6,3
10257,minior-yellow,yellow,10138,17,1,0,0,10,1101,0,6,3
10258,minior-green,green,10139,17,1,0,0,11,1102,0,6,3
10259,minior-blue,blue,10140,17,1,0,0,12,1103,0,6,3
10260,minior-indigo,indigo,10141,17,1,0,0,13,1104,0,6,3
10261,minior-violet,violet,10142,17,1,0,0,14,1105,0,6,3
10262,mimikyu-busted,busted,10143,17,1,1,0,2,1111,0,8,18
10263,mimikyu-totem-disguised,totem-disguised,10144,17,1,0,0,3,1112,0,8,18
10264,mimikyu-totem-busted,totem-busted,10145,17,1,1,0,4,1113,0,8,18
10265,kommo-o-totem,totem,10146,17,1,0,0,2,1120,0,16,2
10266,magearna-original,original,10147,17,1,0,0,2,1141,0,9,18
10267,pikachu-partner-cap,partner-cap,10148,18,1,0,0,14,49,0,13,0
10268,marowak-totem,totem,10149,18,1,0,0,3,167,0,10,8
10269,mothim-sandy,sandy,414,18,0,0,0,2,576,0,7,3
10270,mothim-trash,trash,414,18,0,0,0,3,577,0,7,3
10271,scatterbug-polar,polar,664,18,0,0,0,2,860,0,7,0
10272,scatterbug-tundra,tundra,664,18,0,0,0,3,861,0,7,0
10273,scatterbug-continental,continental,664,18,0,0,0,4,862,0,7,0
10274,scatterbug-garden,garden,664,18,0,0,0,5,863,0,7,0
10275,scatterbug-elegant,elegant,664,18,0,0,0,6,864,0,7,0
10276,scatterbug-meadow,meadow,664,18,0,0,0,7,865,0,7,0
10277,scatterbug-modern,modern,664,18,0,0,0,8,866,0,7,0
10278,scatterbug-marine,marine,664,18,0,0,0,9,867,0,7,0
10279,scatterbug-archipelago,archipelago,664,18,0,0,0,10,868,0,7,0
10280,scatterbug-high-plains,high-plains,664,18,0,0,0,11,869,0,7,0
10281,scatterbug-sandstorm,sandstorm,664,18,0,0,0,12,870,0,7,0
10282,scatterbug-river,river,664,18,0,0,0,13,871,0,7,0
10283,scatterbug-monsoon,monsoon,664,18,0,0,0,14,872,0,7,0
10284,scatterbug-savanna,savanna,664,18,0,0,0,15,873,0,7,0
10285,scatterbug-sun,sun,664,18,0,0,0,16,874,0,7,0
10286,scatterbug-ocean,ocean,664,18,0,0,0,17,875,0,7,0
10287,scatterbug-jungle,jungle,664,18,0,0,0,18,876,0,7,0
10288,scatterbug-fancy,fancy,664,18,0,0,0,19,877,0,7,0
10289,scatterbug-poke-ball,poke-ball,664,18,0,0,0,20,878,0,7,0
10290,spewpa-polar,polar,665,18,0,0,0,2,880,0,7,0
10291,spewpa-tundra,tundra,665,18,0,0,0,3,881,0,7,0
10292,spewpa-continental,continental,665,18,0,0,0,4,882,0,7,0
10293,spewpa-garden,garden,665,18,0,0,0,5,883,0,7,0
10294,spewpa-elegant,elegant,665,18,0,0,0,6,884,0,7,0
10295,spewpa-meadow,meadow,665,18,0,0,0,7,885,0,7,0
10296,spewpa-modern,modern,665,18,0,0,0,8,886,0,7,0
10297,spewpa-marine,marine,665,18,0,0,0,9,887,0,7,0
10298,spewpa-archipelago,archipelago,665,18,0,0,0,10,888,0,7,0
10299,spewpa-high-plains,high-plains,665,18,0,0,0,11,889,0,7,0
10300,spewpa-sandstorm,sandstorm,665,18,0,0,0,12,890,0,7,0
10301,spewpa-river,river,665,18,0,0,0,13,891,0,7,0
10302,spewpa-monsoon,monsoon,665,18,0,0,0,14,892,0,7,0
10303,spewpa-savanna,savanna,665,18,0,0,0,15,893,0,7,0
10304,spewpa-sun,sun,665,18,0,0,0,16,894,0,7,0
10305,spewpa-ocean,ocean,665,18,0,0,0,17,895,0,7,0
10306,spewpa-jungle,jungle,665,18,0,0,0,18,896,0,7,0
10307,spewpa-fancy,fancy,665,18,0,0,0,19,897,0,7,0
10308,spewpa-poke-ball,poke-ball,665,18,0,0,0,20,898,0,7,0
10309,ribombee-totem,totem,10150,18,1,0,0,2,1037,0,7,18
10310,rockruff-own-tempo,own-tempo,10151,18,1,0,0,2,1039,0,6,0
10311,lycanroc-dusk,dusk,10152,18,1,0,0,3,1042,0,6,0
10312,araquanid-totem,totem,10153,18,1,0,0,2,1051,0,11,7
10313,togedemaru-totem,totem,10154,18,1,0,0,2,1109,0,13,9
10314,necrozma-dusk,dusk,10155,18,1,0,0,2,1137,0,14,9
10315,necrozma-dawn,dawn,10156,18,1,0,0,3,1138,0,14,8
10316,necrozma-ultra,ultra,10157,18,1,0,0,4,1139,0,14,16
10317,pikachu-starter,starter,10158,19,1,0,0,15,50,0,13,0
10318,eevee-starter,starter,10159,19,1,0,0,2,217,0,1,0
10319,pikachu-world-cap,world-cap,10160,20,1,0,0,16,51,0,13,0
10320,meowth-galar,galar,10161,20,1,0,0,3,91,0,9,0
10321,ponyta-galar,galar,10162,20,1,0,0,2,123,0,14,0
10322,rapidash-galar,galar,10163,20,1,0,0,2,125,0,14,18
10323,slowpoke-galar,galar,10164,20,1,0,0,2,127,0,14,0
10324,slowbro-galar,galar,10165,20,1,0,0,3,130,0,4,14
10325,farfetchd-galar,galar,10166,20,1,0,0,2,137,0,2,0
10326,weezing-galar,galar,10167,20,1,0,0,2,176,0,4,18
10327,mr-mime-galar,galar,10168,20,1,0,0,2,196,0,15,14
10328,articuno-galar,galar,10169,20,1,0,0,2,238,0,14,3
10329,zapdos-galar,galar,10170,20,1,0,0,2,240,0,2,3
10330,moltres-galar,galar,10171,20,1,0,0,2,242,0,17,3
10331,slowking-galar,galar,10172,20,1,0,0,2,132,0,4,14
10332,corsola-galar,galar,10173,20,1,0,0,2,350,0,8,0
10333,zigzagoon-galar,galar,10174,20,1,0,0,2,390,0,17,1
10334,linoone-galar,galar,10175,20,1,0,0,2,392,0,17,1
10335,darumaka-galar,galar,10176,20,1,0,0,2,725,0,15,0
10336,darmanitan-galar-standard,galar-standard,10177,20,1,0,0,3,728,0,15,0
10337,darmanitan-galar-zen,galar-zen,10178,20,1,1,0,4,729,0,15,10
10338,yamask-galar,galar,10179,20,1,0,0,2,737,0,5,8
10339,stunfisk-galar,galar,10180,20,1,0,0,2,800,0,5,9
10340,zygarde-10,10,10181,17,1,0,0,2,1001,0,16,5
10341,cramorant-gulping,gulping,10182,20,1,1,0,2,1186,0,3,11
10342,cramorant-gorging,gorging,10183,20,1,1,0,3,1187,0,3,11
10343,toxtricity-low-key,low-key,10184,20,1,0,0,2,1192,0,13,4
10344,sinistea-antique,antique,854,20,0,0,0,2,1198,0,8,0
10345,polteageist-antique,antique,855,20,0,0,0,2,1200,0,8,0
10346,alcremie-ruby-cream-strawberry-sweet,ruby-cream-strawberry-sweet,869,20,0,0,0,2,1215,0,18,0
10347,alcremie-matcha-cream-strawberry-sweet,matcha-cream-strawberry-sweet,869,20,0,0,0,3,1216,0,18,0
10348,alcremie-mint-cream-strawberry-sweet,mint-cream-strawberry-sweet,869,20,0,0,0,4,1217,0,18,0
10349,alcremie-lemon-cream-strawberry-sweet,lemon-cream-strawberry-sweet,869,20,0,0,0,5,1218,0,18,0
10350,alcremie-salted-cream-strawberry-sweet,salted-cream-strawberry-sweet,869,20,0,0,0,6,1219,0,18,0
10351,alcremie-ruby-swirl-strawberry-sweet,ruby-swirl-strawberry-sweet,869,20,0,0,0,7,1220,0,18,0
10352,alcremie-caramel-swirl-strawberry-sweet,caramel-swirl-strawberry-sweet,869,20,0,0,0,8,1221,0,18,0
10353,alcremie-rainbow-swirl-strawberry-sweet,rainbow-swirl-strawberry-sweet,869,20,0,0,0,9,1222,0,18,0
10354,eiscue-noice,noice,10185,20,1,1,0,2,1229,0,15,0
10355,indeedee-female,female,10186,20,1,0,0,2,1231,0,14,1
10356,morpeko-hangry,hangry,10187,20,1,1,0,2,1233,0,13,17
10357,zacian-crowned,crowned,10188,20,1,1,0,2,1245,0,18,9
10358,zamazenta-crowned,crowned,10189,20,1,1,0,2,1247,0,2,9
10359,eternatus-eternamax,eternamax,10190,20,1,0,0,2,1249,0,4,16
10360,urshifu-rapid-strike,rapid-strike,10191,20,1,0,0,2,1252,0,2,11
10361,zarude-dada,dada,10192,20,1,0,0,2,1254,0,17,12
10362,calyrex-ice,ice,10193,20,1,0,0,2,1260,0,14,15
10363,calyrex-shadow,shadow,10194,20,1,0,0,3,1261,0,14,8
10364,venusaur-gmax,gmax,10195,20,1,1,0,1,1249,0,12,4
10365,charizard-gmax,gmax,10196,20,1,1,0,1,1250,0,10,3
10366,blastoise-gmax,gmax,10197,20,1,1,0,1,1251,0,11,0
10367,butterfree-gmax,gmax,10198,20,1,1,0,1,1252,0,7,3
10368,pikachu-gmax,gmax,10199,20,1,1,0,1,1253,0,13,0
10369,meowth-gmax,gmax,10200,20,1,1,0,1,1254,0,1,0
10370,machamp-gmax,gmax,10201,20,1,1,0,1,1255,0,2,0
10371,gengar-gmax,gmax,10202,20,1,1,0,1,1256,0,8,4
10372,kingler-gmax,gmax,10203,20,1,1,0,1,1257,0,11,0
10373,lapras-gmax,gmax,10204,20,1,1,0,1,1258,0,11,15
10374,eevee-gmax,gmax,10205,20,1,1,0,1,1259,0,1,0
10375,snorlax-gmax,gmax,10206,20,1,1,0,1,1260,0,1,0
10376,garbodor-gmax,gmax,10207,20,1,1,0,1,1261,0,4,0
10377,melmetal-gmax,gmax,10208,20,1,1,0,1,1262,0,9,0
10378,rillaboom-gmax,gmax,10209,20,1,1,0,1,1263,0,12,0
10379,cinderace-gmax,gmax,10210,20,1,1,0,1,1264,0,10,0
10380,inteleon-gmax,gmax,10211,20,1,1,0,1,1265,0,11,0
10381,corviknight-gmax,gmax,10212,20,1,1,0,1,1266,0,3,9
10382,orbeetle-gmax,gmax,10213,20,1,1,0,1,1267,0,7,14
10383,drednaw-gmax,gmax,10214,20,1,1,0,1,1268,0,11,6
10384,coalossal-gmax,gmax,10215,20,1,1,0,1,1269,0,6,10
10385,flapple-gmax,gmax,10216,20,1,1,0,1,1270,0,12,16
10386,appletun-gmax,gmax,10217,20,1,1,0,1,1271,0,12,16
10387,sandaconda-gmax,gmax,10218,20,1,1,0,1,1272,0,5,0
10388,toxtricity-amped-gmax,gmax,10219,20,1,1,0,1,1273,0,13,4
10389,centiskorch-gmax,gmax,10220,20,1,1,0,1,1274,0,10,7
10390,hatterene-gmax,gmax,10221,20,1,1,0,1,1275,0,14,18
10391,grimmsnarl-gmax,gmax,10222,20,1,1,0,1,1276,0,17,18
10392,alcremie-gmax,gmax,10223,20,1,1,0,1,1277,0,18,0
10393,copperajah-gmax,gmax,10224,20,1,1,0,1,1278,0,9,0
10394,duraludon-gmax,gmax,10225,20,1,1,0,1,1279,0,9,16
10395,urshifu-single-strike-gmax,gmax,10226,20,1,1,0,1,1281,0,2,17
10396,urshifu-rapid-strike-gmax,gmax,10227,20,1,1,0,1,1282,0,2,11
10397,toxtricity-low-key-gmax,gmax,10228,20,1,1,0,1,1283,0,13,4
10398,growlithe-hisui,hisui,10229,24,1,0,0,2,1284,0,10,6
10399,arcanine-hisui,hisui,10230,24,1,0,0,2,1285,0,10,6
10400,voltorb-hisui,hisui,10231,24,1,0,0,2,1286,0,13,12
10401,electrode-hisui,hisui,10232,24,1,0,0,2,1287,0,13,12
10402,typhlosion-hisui,hisui,10233,24,1,0,0,2,1288,0,10,8
10403,qwilfish-hisui,hisui,10234,24,1,0,0,2,1289,0,17,4
10404,sneasel-hisui,hisui,10235,24,1,0,0,2,1290,0,2,4
10405,samurott-hisui,hisui,10236,24,1,0,0,2,1291,0,11,17
10406,lilligant-hisui,hisui,10237,24,1,0,0,2,1292,0,12,2
10407,zorua-hisui,hisui,10238,24,1,0,0,2,1293,0,1,8
10408,zoroark-hisui,hisui,10239,24,1,0,0,2,1294,0,1,8
10409,braviary-hisui,hisui,10240,24,1,0,0,2,1295,0,14,3
10410,sliggoo-hisui,hisui,10241,24,1,0,0,2,1296,0,9,16
10411,goodra-hisui,hisui,10242,24,1,0,0,2,1297,0,9,16
10412,avalugg-hisui,hisui,10243,24,1,0,0,2,1298,0,15,6
10413,decidueye-hisui,hisui,10244,24,1,0,0,2,1299,0,12,2
10414,dialga-origin,origin,10245,24,1,0,0,2,1300,0,9,16
10415,palkia-origin,origin,10246,24,1,0,0,2,1301,0,11,16
10416,basculin-white-striped,white-striped,10247,24,1,0,0,3,1302,0,11,0
10417,basculegion-female,female,10248,24,1,0,0,2,1303,0,11,8
10418,enamorus-therian,therian,10249,24,1,0,0,2,1304,0,18,3
10419,tauros-paldea-combat-breed,paldea-combat-breed,10250,25,0,0,0,2,1305,0,2,0
10420,tauros-paldea-blaze-breed,paldea-blaze-breed,10251,25,0,0,0,3,1306,0,2,10
10421,tauros-paldea-aqua-breed,paldea-aqua-breed,10252,25,0,0,0,4,1307,0,2,11
10422,wooper-paldea,paldea,10253,25,0,0,0,2,1308,0,4,5
10423,oinkologne-female,female,10254,25,0,0,0,2,1309,0,1,0
10424,dudunsparce-three-segment,three-segment,10255,25,0,0,0,2,1310,0,1,0
10425,palafin-hero,hero,10256,25,0,1,0,2,1311,0,11,0
10426,maushold-family-of-three,family-of-three,10257,25,0,0,0,2,1312,0,1,0
10427,tatsugiri-droopy,droopy,10258,25,0,0,0,2,1313,0,16,11
10428,tatsugiri-stretchy,stretchy,10259,25,0,0,0,3,1314,0,16,11
10429,squawkabilly-blue-plumage,blue-plumage,10260,25,0,0,0,2,1315,0,1,3
10430,squawkabilly-yellow-plumage,yellow-plumage,10261,25,0,0,0,3,1316,0,1,3
10431,squawkabilly-white-plumage,white-plumage,10262,25,0,0,0,4,1317,0,1,3
10432,gimmighoul-roaming,roaming,10263,25,0,0,0,2,1318,0,8,0
10433,koraidon-limited-build,limited-build,10264,25,0,0,0,2,1319,0,2,16
10434,koraidon-sprinting-build,sprinting-build,10265,25,0,0,0,3,1320,0,2,16
10435,koraidon-swimming-build,swimming-build,10266,25,0,0,0,4,1321,0,2,16
10436,koraidon-gliding-build,gliding-build,10267,25,0,0,0,5,1322,0,2,16
10437,miraidon-low-power-mode,low-power-mode,10268,25,0,0,0,2,1323,0,13,16
10438,miraidon-drive-mode,drive-mode,10269,25,0,0,0,3,1324,0,13,16
10439,miraidon-aquatic-mode,aquatic-mode,10270,25,0,0,0,4,1325,0,13,16
10440,miraidon-glide-mode,glide-mode,10271,25,0,0,0,5,1326,0,13,16
10441,ursaluna-bloodmoon,bloodmoon,10272,26,0,0,0,2,1372,0,5,1
10442,ogerpon-wellspring-mask,wellspring-mask,10273,26,0,0,0,2,1382,0,12,11
10443,ogerpon-hearthflame-mask,hearthflame-mask,10274,26,0,0,0,3,1383,0,12,10
10444,ogerpon-cornerstone-mask,cornerstone-mask,10275,26,0,0,0,4,1384,0,12,6
10445,terapagos-terastal,terastal,10276,27,0,1,0,2,1392,0,1,0
10446,terapagos-stellar,stellar,10277,27,0,1,0,3,1393,0,1,0
10447,poltchageist-artisan,artisan,1012,26,0,0,0,2,1375,0,12,8
10448,sinistcha-masterpiece,masterpiece,1013,26,0,0,0,2,1377,0,12,8
10449,alcremie-vanilla-cream-berry-sweet,vanilla-cream-berry-sweet,869,20,0,0,0,10,1214,0,18,0
10450,alcremie-ruby-cream-berry-sweet,ruby-cream-berry-sweet,869,20,0,0,0,11,1215,0,18,0
10451,alcremie-matcha-cream-berry-sweet,matcha-cream-berry-sweet,869,20,0,0,0,12,1216,0,18,0
10452,alcremie-mint-cream-berry-sweet,mint-cream-berry-sweet,869,20,0,0,0,13,1217,0,18,0
10453,alcremie-lemon-cream-berry-sweet,lemon-cream-berry-sweet,869,20,0,0,0,14,1218,0,18,0
10454,alcremie-salted-cream-berry-sweet,salted-cream-berry-sweet,869,20,0,0,0,15,1219,0,18,0
10455,alcremie-ruby-swirl-berry-sweet,ruby-swirl-berry-sweet,869,20,0,0,0,16,1220,0,18,0
10456,alcremie-caramel-swirl-berry-sweet,caramel-swirl-berry-sweet,869,20,0,0,0,17,1221,0,18,0
10457,alcremie-rainbow-swirl-berry-sweet,rainbow-swirl-berry-sweet,869,20,0,0,0,18,1222,0,18,0
10458,alcremie-vanilla-cream-love-sweet,vanilla-cream-love-sweet,869,20,0,0,0,19,1214,0,18,0
10459,alcremie-ruby-cream-love-sweet,ruby-cream-love-sweet,869,20,0,0,0,20,1215,0,18,0
10460,alcremie-matcha-cream-love-sweet,matcha-cream-love-sweet,869,20,0,0,0,21,1216,0,18,0
10461,alcremie-mint-cream-love-sweet,mint-cream-love-sweet,869,20,0,0,0,22,1217,0,18,0
10462,alcremie-lemon-cream-love-sweet,lemon-cream-love-sweet,869,20,0,0,0,23,1218,0,18,0
10463,alcremie-salted-cream-love-sweet,salted-cream-love-sweet,869,20,0,0,0,24,1219,0,18,0
10464,alcremie-ruby-swirl-love-sweet,ruby-swirl-love-sweet,869,20,0,0,0,25,1220,0,18,0
10465,alcremie-caramel-swirl-love-sweet,caramel-swirl-love-sweet,869,20,0,0,0,26,1221,0,18,0
10466,alcremie-rainbow-swirl-love-sweet,rainbow-swirl-love-sweet,869,20,0,0,0,27,1222,0,18,0
10467,alcremie-vanilla-cream-star-sweet,vanilla-cream-star-sweet,869,20,0,0,0,28,1214,0,18,0
10468,alcremie-ruby-cream-star-sweet,ruby-cream-star-sweet,869,20,0,0,0,29,1215,0,18,0
10469,alcremie-matcha-cream-star-sweet,matcha-cream-star-sweet,869,20,0,0,0,30,1216,0,18,0
10470,alcremie-mint-cream-star-sweet,mint-cream-star-sweet,869,20,0,0,0,31,1217,0,18,0
10471,alcremie-lemon-cream-star-sweet,lemon-cream-star-sweet,869,20,0,0,0,32,1218,0,18,0
10472,alcremie-salted-cream-star-sweet,salted-cream-star-sweet,869,20,0,0,0,33,1219,0,18,0
10473,alcremie-ruby-swirl-star-sweet,ruby-swirl-star-sweet,869,20,0,0,0,34,1220,0,18,0
10474,alcremie-caramel-swirl-star-sweet,caramel-swirl-star-sweet,869,20,0,0,0,35,1221,0,18,0
10475,alcremie-rainbow-swirl-star-sweet,rainbow-swirl-star-sweet,869,20,0,0,0,36,1222,0,18,0
10476,alcremie-vanilla-cream-clover-sweet,vanilla-cream-clover-sweet,869,20,0,0,0,37,1214,0,18,0
10477,alcremie-ruby-cream-clover-sweet,ruby-cream-clover-sweet,869,20,0,0,0,38,1215,0,18,0
10478,alcremie-matcha-cream-clover-sweet,matcha-cream-clover-sweet,869,20,0,0,0,39,1216,0,18,0
10479,alcremie-mint-cream-clover-sweet,mint-cream-clover-sweet,869,20,0,0,0,40,1217,0,18,0
10480,alcremie-lemon-cream-clover-sweet,lemon-cream-clover-sweet,869,20,0,0,0,41,1218,0,18,0
10481,alcremie-salted-cream-clover-sweet,salted-cream-clover-sweet,869,20,0,0,0,42,1219,0,18,0
10482,alcremie-ruby-swirl-clover-sweet,ruby-swirl-clover-sweet,869,20,0,0,0,43,1220,0,18,0
10483,alcremie-caramel-swirl-clover-sweet,caramel-swirl-clover-sweet,869,20,0,0,0,44,1221,0,18,0
10484,alcremie-rainbow-swirl-clover-sweet,rainbow-swirl-clover-sweet,869,20,0,0,0,45,1222,0,18,0
10485,alcremie-vanilla-cream-flower-sweet,vanilla-cream-flower-sweet,869,20,0,0,0,46,1214,0,18,0
10486,alcremie-ruby-cream-flower-sweet,ruby-cream-flower-sweet,869,20,0,0,0,47,1215,0,18,0
10487,alcremie-matcha-cream-flower-sweet,matcha-cream-flower-sweet,869,20,0,0,0,48,1216,0,18,0
10488,alcremie-mint-cream-flower-sweet,mint-cream-flower-sweet,869,20,0,0,0,49,1217,0,18,0
10489,alcremie-lemon-cream-flower-sweet,lemon-cream-flower-sweet,869,20,0,0,0,50,1218,0,18,0
10490,alcremie-salted-cream-flower-sweet,salted-cream-flower-sweet,869,20,0,0,0,51,1219,0,18,0
10491,alcremie-ruby-swirl-flower-sweet,ruby-swirl-flower-sweet,869,20,0,0,0,52,1220,0,18,0
10492,alcremie-caramel-swirl-flower-sweet,caramel-swirl-flower-sweet,869,20,0,0,0,53,1221,0,18,0
10493,alcremie-rainbow-swirl-flower-sweet,rainbow-swirl-flower-sweet,869,20,0,0,0,54,1222,0,18,0
10494,alcremie-vanilla-cream-ribbon-sweet,vanilla-cream-ribbon-sweet,869,20,0,0,0,55,1214,0,18,0
10495,alcremie-ruby-cream-ribbon-sweet,ruby-cream-ribbon-sweet,869,20,0,0,0,56,1215,0,18,0
10496,alcremie-matcha-cream-ribbon-sweet,matcha-cream-ribbon-sweet,869,20,0,0,0,57,1216,0,18,0
10497,alcremie-mint-cream-ribbon-sweet,mint-cream-ribbon-sweet,869,20,0,0,0,58,1217,0,18,0
10498,alcremie-lemon-cream-ribbon-sweet,lemon-cream-ribbon-sweet,869,20,0,0,0,59,1218,0,18,0
10499,alcremie-salted-cream-ribbon-sweet,salted-cream-ribbon-sweet,869,20,0,0,0,60,1219,0,18,0
10500,alcremie-ruby-swirl-ribbon-sweet,ruby-swirl-ribbon-sweet,869,20,0,0,0,61,1220,0,18,0
10501,alcremie-caramel-swirl-ribbon-sweet,caramel-swirl-ribbon-sweet,869,20,0,0,0,62,1221,0,18,0
10502,alcremie-rainbow-swirl-ribbon-sweet,rainbow-swirl-ribbon-sweet,869,20,0,0,0,63,1222,0,18,0
